"","date","data"
"1",2014-01-01,125
"2",2014-01-02,218
"3",2014-01-03,127
"4",2014-01-04,213
"5",2014-01-05,168
"6",2014-01-06,204
"7",2014-01-07,178
"8",2014-01-08,65
"9",2014-01-09,92
"10",2014-01-10,160
"11",2014-01-11,218
"12",2014-01-12,76
"13",2014-01-13,190
"14",2014-01-14,190
"15",2014-01-15,249
"16",2014-01-16,466
"17",2014-01-17,228
"18",2014-01-18,134
"19",2014-01-19,185
"20",2014-01-20,42
"21",2014-01-21,95
"22",2014-01-22,211
"23",2014-01-23,339
"24",2014-01-24,221
"25",2014-01-25,98
"26",2014-01-26,122
"27",2014-01-27,157
"28",2014-01-28,109
"29",2014-01-29,208
"30",2014-01-30,126
"31",2014-01-31,220
"32",2014-02-01,211
"33",2014-02-02,117
"34",2014-02-03,31
"35",2014-02-04,63
"36",2014-02-05,175
"37",2014-02-06,202
"38",2014-02-07,175
"39",2014-02-08,108
"40",2014-02-09,51
"41",2014-02-10,74
"42",2014-02-11,192
"43",2014-02-12,205
"44",2014-02-13,261
"45",2014-02-14,332
"46",2014-02-15,408
"47",2014-02-16,322
"48",2014-02-17,161
"49",2014-02-18,148
"50",2014-02-19,140
"51",2014-02-20,302
"52",2014-02-21,378
"53",2014-02-22,387
"54",2014-02-23,338
"55",2014-02-24,398
"56",2014-02-25,462
"57",2014-02-26,421
"58",2014-02-27,67
"59",2014-02-28,169
"60",2014-03-01,142
"61",2014-03-02,208
"62",2014-03-03,295
"63",2014-03-04,95
"64",2014-03-05,78
"65",2014-03-06,62
"66",2014-03-07,131
"67",2014-03-08,227
"68",2014-03-09,188
"69",2014-03-10,173
"70",2014-03-11,253
"71",2014-03-12,61
"72",2014-03-13,73
"73",2014-03-14,72
"74",2014-03-15,180
"75",2014-03-16,188
"76",2014-03-17,145
"77",2014-03-18,106
"78",2014-03-19,134
"79",2014-03-20,42
"80",2014-03-21,78
"81",2014-03-22,131
"82",2014-03-23,207
"83",2014-03-24,293
"84",2014-03-25,278
"85",2014-03-26,354
"86",2014-03-27,321
"87",2014-03-28,207
"88",2014-03-29,103
"89",2014-03-30,93
"90",2014-03-31,206
"91",2014-04-01,201
"92",2014-04-02,178
"93",2014-04-03,78
"94",2014-04-04,95
"95",2014-04-05,75
"96",2014-04-06,138
"97",2014-04-07,169
"98",2014-04-08,221
"99",2014-04-09,205
"100",2014-04-10,171
"101",2014-04-11,141
"102",2014-04-12,183
"103",2014-04-13,206
"104",2014-04-14,300
"105",2014-04-15,151
"106",2014-04-16,144
"107",2014-04-17,182
"108",2014-04-18,203
"109",2014-04-19,150
"110",2014-04-20,141
"111",2014-04-21,124
"112",2014-04-22,159
"113",2014-04-23,186
"114",2014-04-24,178
"115",2014-04-25,190
"116",2014-04-26,111
"117",2014-04-27,142
"118",2014-04-28,148
"119",2014-04-29,176
"120",2014-04-30,182
"121",2014-05-01,188
"122",2014-05-02,108
"123",2014-05-03,156
"124",2014-05-04,123
"125",2014-05-05,122
"126",2014-05-06,171
"127",2014-05-07,152
"128",2014-05-08,167
"129",2014-05-09,154
"130",2014-05-10,142
"131",2014-05-11,92
"132",2014-05-12,121
"133",2014-05-13,135
"134",2014-05-14,73
"135",2014-05-15,151
"136",2014-05-16,160
"137",2014-05-17,151
"138",2014-05-18,169
"139",2014-05-19,177
"140",2014-05-20,138
"141",2014-05-21,173
"142",2014-05-22,207
"143",2014-05-23,160
"144",2014-05-24,168
"145",2014-05-25,128
"146",2014-05-26,65
"147",2014-05-27,83
"148",2014-05-28,87
"149",2014-05-29,116
"150",2014-05-30,169
"151",2014-05-31,181
"152",2014-06-01,134
"153",2014-06-02,98
"154",2014-06-03,116
"155",2014-06-04,147
"156",2014-06-05,151
"157",2014-06-06,115
"158",2014-06-07,42
"159",2014-06-08,112
"160",2014-06-09,97
"161",2014-06-10,159
"162",2014-06-11,108
"163",2014-06-12,88
"164",2014-06-13,130
"165",2014-06-14,109
"166",2014-06-15,182
"167",2014-06-16,197
"168",2014-06-17,149
"169",2014-06-18,142
"170",2014-06-19,192
"171",2014-06-20,112
"172",2014-06-21,143
"173",2014-06-22,94
"174",2014-06-23,74
"175",2014-06-24,136
"176",2014-06-25,167
"177",2014-06-26,192
"178",2014-06-27,64
"179",2014-06-28,66
"180",2014-06-29,123
"181",2014-06-30,155
"182",2014-07-01,176
"183",2014-07-02,143
"184",2014-07-03,255
"185",2014-07-04,259
"186",2014-07-05,186
"187",2014-07-06,244
"188",2014-07-07,205
"189",2014-07-08,146
"190",2014-07-09,77
"191",2014-07-10,89
"192",2014-07-11,91
"193",2014-07-12,49
"194",2014-07-13,68
"195",2014-07-14,93
"196",2014-07-15,126
"197",2014-07-16,180
"198",2014-07-17,194
"199",2014-07-18,190
"200",2014-07-19,149
"201",2014-07-20,150
"202",2014-07-21,86
"203",2014-07-22,52
"204",2014-07-23,73
"205",2014-07-24,145
"206",2014-07-25,146
"207",2014-07-26,170
"208",2014-07-27,171
"209",2014-07-28,175
"210",2014-07-29,179
"211",2014-07-30,191
"212",2014-07-31,232
"213",2014-08-01,196
"214",2014-08-02,170
"215",2014-08-03,180
"216",2014-08-04,83
"217",2014-08-05,67
"218",2014-08-06,86
"219",2014-08-07,144
"220",2014-08-08,140
"221",2014-08-09,156
"222",2014-08-10,91
"223",2014-08-11,73
"224",2014-08-12,84
"225",2014-08-13,82
"226",2014-08-14,85
"227",2014-08-15,102
"228",2014-08-16,139
"229",2014-08-17,116
"230",2014-08-18,140
"231",2014-08-19,157
"232",2014-08-20,170
"233",2014-08-21,188
"234",2014-08-22,113
"235",2014-08-23,187
"236",2014-08-24,61
"237",2014-08-25,56
"238",2014-08-26,69
"239",2014-08-27,129
"240",2014-08-28,166
"241",2014-08-29,164
"242",2014-08-30,204
"243",2014-08-31,168
"244",2014-09-01,182
"245",2014-09-02,81
"246",2014-09-03,47
"247",2014-09-04,112
"248",2014-09-05,167
"249",2014-09-06,191
"250",2014-09-07,201
"251",2014-09-08,42
"252",2014-09-09,106
"253",2014-09-10,143
"254",2014-09-11,170
"255",2014-09-12,156
"256",2014-09-13,146
"257",2014-09-14,110
"258",2014-09-15,63
"259",2014-09-16,112
"260",2014-09-17,118
"261",2014-09-18,145
"262",2014-09-19,168
"263",2014-09-20,192
"264",2014-09-21,179
"265",2014-09-22,176
"266",2014-09-23,139
"267",2014-09-24,87
"268",2014-09-25,187
"269",2014-09-26,198
"270",2014-09-27,97
"271",2014-09-28,153
"272",2014-09-29,116
"273",2014-09-30,77
"274",2014-10-01,164
"275",2014-10-02,142
"276",2014-10-03,192
"277",2014-10-04,168
"278",2014-10-05,96
"279",2014-10-06,91
"280",2014-10-07,201
"281",2014-10-08,346
"282",2014-10-09,415
"283",2014-10-10,376
"284",2014-10-11,258
"285",2014-10-12,28
"286",2014-10-13,43
"287",2014-10-14,116
"288",2014-10-15,108
"289",2014-10-16,106
"290",2014-10-17,178
"291",2014-10-18,251
"292",2014-10-19,338
"293",2014-10-20,269
"294",2014-10-21,114
"295",2014-10-22,167
"296",2014-10-23,198
"297",2014-10-24,304
"298",2014-10-25,405
"299",2014-10-26,126
"300",2014-10-27,91
"301",2014-10-28,151
"302",2014-10-29,193
"303",2014-10-30,240
"304",2014-10-31,237
"305",2014-11-01,96
"306",2014-11-02,32
"307",2014-11-03,78
"308",2014-11-04,192
"309",2014-11-05,119
"310",2014-11-06,45
"311",2014-11-07,131
"312",2014-11-08,161
"313",2014-11-09,140
"314",2014-11-10,153
"315",2014-11-11,89
"316",2014-11-12,26
"317",2014-11-13,79
"318",2014-11-14,113
"319",2014-11-15,228
"320",2014-11-16,171
"321",2014-11-17,73
"322",2014-11-18,161
"323",2014-11-19,366
"324",2014-11-20,403
"325",2014-11-21,254
"326",2014-11-22,99
"327",2014-11-23,191
"328",2014-11-24,157
"329",2014-11-25,230
"330",2014-11-26,345
"331",2014-11-27,126
"332",2014-11-28,170
"333",2014-11-29,350
"334",2014-11-30,145
"335",2014-12-01,54
"336",2014-12-02,112
"337",2014-12-03,63
"338",2014-12-04,37
"339",2014-12-05,76
"340",2014-12-06,137
"341",2014-12-07,119
"342",2014-12-08,122
"343",2014-12-09,382
"344",2014-12-10,199
"345",2014-12-11,72
"346",2014-12-12,51
"347",2014-12-13,111
"348",2014-12-14,174
"349",2014-12-15,130
"350",2014-12-16,44
"351",2014-12-17,161
"352",2014-12-18,222
"353",2014-12-19,120
"354",2014-12-20,41
"355",2014-12-21,60
"356",2014-12-22,170
"357",2014-12-23,170
"358",2014-12-24,54
"359",2014-12-25,82
"360",2014-12-26,226
"361",2014-12-27,288
"362",2014-12-28,255
"363",2014-12-29,225.5
"364",2014-12-30,196
"365",2014-12-31,166.5
"366",2015-01-01,137
"367",2015-01-02,123
"368",2015-01-03,252
"369",2015-01-04,258
"370",2015-01-05,150
"371",2015-01-06,96
"372",2015-01-07,150
"373",2015-01-08,222
"374",2015-01-09,148
"375",2015-01-10,245
"376",2015-01-11,79
"377",2015-01-12,179
"378",2015-01-13,239
"379",2015-01-14,288
"380",2015-01-15,396
"381",2015-01-16,143
"382",2015-01-17,120
"383",2015-01-18,135
"384",2015-01-19,117
"385",2015-01-20,169
"386",2015-01-21,58
"387",2015-01-22,173
"388",2015-01-23,276
"389",2015-01-24,157
"390",2015-01-25,189
"391",2015-01-26,135
"392",2015-01-27,66
"393",2015-01-28,99
"394",2015-01-29,120
"395",2015-01-30,45
"396",2015-01-31,84
"397",2015-02-01,151
"398",2015-02-02,212
"399",2015-02-03,167
"400",2015-02-04,45
"401",2015-02-05,76
"402",2015-02-06,152
"403",2015-02-07,40
"404",2015-02-08,70
"405",2015-02-09,184
"406",2015-02-10,199
"407",2015-02-11,101
"408",2015-02-12,91
"409",2015-02-13,204
"410",2015-02-14,315
"411",2015-02-15,342
"412",2015-02-16,166
"413",2015-02-17,75
"414",2015-02-18,93
"415",2015-02-19,249
"416",2015-02-20,197
"417",2015-02-21,209
"418",2015-02-22,106
"419",2015-02-23,113
"420",2015-02-24,223
"421",2015-02-25,112
"422",2015-02-26,56
"423",2015-02-27,77
"424",2015-02-28,205
"425",2015-03-01,104
"426",2015-03-02,126
"427",2015-03-03,31
"428",2015-03-04,69
"429",2015-03-05,179
"430",2015-03-06,251
"431",2015-03-07,282
"432",2015-03-08,166
"433",2015-03-09,31
"434",2015-03-10,79
"435",2015-03-11,107
"436",2015-03-12,156
"437",2015-03-13,127
"438",2015-03-14,174
"439",2015-03-15,186
"440",2015-03-16,262
"441",2015-03-17,262
"442",2015-03-18,117
"443",2015-03-19,169
"444",2015-03-20,115
"445",2015-03-21,65
"446",2015-03-22,69
"447",2015-03-23,101
"448",2015-03-24,164
"449",2015-03-25,185
"450",2015-03-26,173
"451",2015-03-27,174
"452",2015-03-28,134
"453",2015-03-29,165
"454",2015-03-30,207
"455",2015-03-31,196
"456",2015-04-01,131
"457",2015-04-02,110
"458",2015-04-03,87
"459",2015-04-04,137
"460",2015-04-05,118
"461",2015-04-06,72
"462",2015-04-07,75
"463",2015-04-08,171
"464",2015-04-09,212
"465",2015-04-10,231
"466",2015-04-11,215
"467",2015-04-12,62
"468",2015-04-13,97
"469",2015-04-14,150
"470",2015-04-15,211
"471",2015-04-16,95
"472",2015-04-17,153
"473",2015-04-18,197
"474",2015-04-19,136
"475",2015-04-20,150
"476",2015-04-21,142
"477",2015-04-22,130
"478",2015-04-23,134
"479",2015-04-24,144
"480",2015-04-25,166
"481",2015-04-26,180
"482",2015-04-27,168
"483",2015-04-28,126
"484",2015-04-29,183
"485",2015-04-30,177
"486",2015-05-01,195
"487",2015-05-02,119
"488",2015-05-03,112
"489",2015-05-04,66
"490",2015-05-05,124
"491",2015-05-06,71
"492",2015-05-07,137
"493",2015-05-08,118
"494",2015-05-09,109
"495",2015-05-10,117
"496",2015-05-11,87
"497",2015-05-12,66
"498",2015-05-13,156
"499",2015-05-14,74
"500",2015-05-15,86
"501",2015-05-16,127
"502",2015-05-17,187
"503",2015-05-18,123
"504",2015-05-19,52
"505",2015-05-20,54
"506",2015-05-21,102
"507",2015-05-22,143
"508",2015-05-23,171
"509",2015-05-24,185
"510",2015-05-25,172
"511",2015-05-26,165
"512",2015-05-27,171
"513",2015-05-28,180
"514",2015-05-29,150
"515",2015-05-30,153
"516",2015-05-31,147
"517",2015-06-01,174
"518",2015-06-02,104
"519",2015-06-03,101
"520",2015-06-04,124
"521",2015-06-05,123
"522",2015-06-06,81
"523",2015-06-07,59
"524",2015-06-08,57
"525",2015-06-09,135
"526",2015-06-10,149
"527",2015-06-11,71
"528",2015-06-12,35
"529",2015-06-13,47
"530",2015-06-14,60
"531",2015-06-15,161
"532",2015-06-16,170
"533",2015-06-17,107
"534",2015-06-18,66
"535",2015-06-19,61
"536",2015-06-20,80
"537",2015-06-21,115
"538",2015-06-22,159
"539",2015-06-23,219
"540",2015-06-24,169
"541",2015-06-25,169
"542",2015-06-26,175
"543",2015-06-27,135
"544",2015-06-28,180
"545",2015-06-29,148
"546",2015-06-30,49
"547",2015-07-01,62
"548",2015-07-02,27
"549",2015-07-03,78
"550",2015-07-04,85
"551",2015-07-05,146
"552",2015-07-06,140
"553",2015-07-07,145
"554",2015-07-08,173
"555",2015-07-09,146
"556",2015-07-10,112
"557",2015-07-11,166
"558",2015-07-12,169
"559",2015-07-13,118
"560",2015-07-14,104
"561",2015-07-15,98
"562",2015-07-16,104
"563",2015-07-17,96
"564",2015-07-18,118
"565",2015-07-19,152
"566",2015-07-20,162
"567",2015-07-21,181
"568",2015-07-22,140
"569",2015-07-23,112
"570",2015-07-24,131
"571",2015-07-25,161
"572",2015-07-26,175
"573",2015-07-27,138
"574",2015-07-28,124
"575",2015-07-29,165
"576",2015-07-30,104
"577",2015-07-31,71
"578",2015-08-01,155
"579",2015-08-02,151
"580",2015-08-03,129
"581",2015-08-04,57
"582",2015-08-05,156
"583",2015-08-06,113
"584",2015-08-07,158
"585",2015-08-08,112
"586",2015-08-09,132
"587",2015-08-10,109
"588",2015-08-11,168
"589",2015-08-12,162
"590",2015-08-13,179
"591",2015-08-14,123
"592",2015-08-15,76
"593",2015-08-16,100
"594",2015-08-17,158
"595",2015-08-18,120
"596",2015-08-19,138
"597",2015-08-20,94
"598",2015-08-21,50
"599",2015-08-22,50
"600",2015-08-23,72
"601",2015-08-24,52
"602",2015-08-25,59
"603",2015-08-26,42
"604",2015-08-27,44
"605",2015-08-28,57
"606",2015-08-29,78
"607",2015-08-30,84
"608",2015-08-31,91
"609",2015-09-01,42
"610",2015-09-02,34
"611",2015-09-03,48
"612",2015-09-04,134
"613",2015-09-05,68
"614",2015-09-06,60
"615",2015-09-07,79
"616",2015-09-08,135
"617",2015-09-09,108
"618",2015-09-10,36
"619",2015-09-11,37
"620",2015-09-12,28
"621",2015-09-13,60
"622",2015-09-14,143
"623",2015-09-15,172
"624",2015-09-16,190
"625",2015-09-17,194
"626",2015-09-18,146
"627",2015-09-19,56
"628",2015-09-20,162
"629",2015-09-21,159
"630",2015-09-22,182
"631",2015-09-23,78
"632",2015-09-24,163
"633",2015-09-25,53
"634",2015-09-26,83
"635",2015-09-27,123
"636",2015-09-28,118
"637",2015-09-29,119
"638",2015-09-30,72
"639",2015-10-01,40
"640",2015-10-02,70
"641",2015-10-03,69
"642",2015-10-04,176
"643",2015-10-05,242
"644",2015-10-06,326
"645",2015-10-07,286
"646",2015-10-08,27
"647",2015-10-09,62
"648",2015-10-10,22
"649",2015-10-11,31
"650",2015-10-12,42
"651",2015-10-13,91
"652",2015-10-14,180
"653",2015-10-15,181
"654",2015-10-16,255
"655",2015-10-17,354
"656",2015-10-18,132
"657",2015-10-19,123
"658",2015-10-20,161
"659",2015-10-21,132
"660",2015-10-22,90
"661",2015-10-23,123
"662",2015-10-24,129
"663",2015-10-25,89
"664",2015-10-26,88
"665",2015-10-27,52
"666",2015-10-28,32
"667",2015-10-29,37
"668",2015-10-30,72
"669",2015-10-31,110
"670",2015-11-01,147
"671",2015-11-02,164
"672",2015-11-03,219
"673",2015-11-04,256
"674",2015-11-05,166
"675",2015-11-06,61
"676",2015-11-07,55
"677",2015-11-08,127
"678",2015-11-09,198
"679",2015-11-10,192
"680",2015-11-11,184
"681",2015-11-12,217
"682",2015-11-13,255
"683",2015-11-14,308
"684",2015-11-15,264
"685",2015-11-16,140
"686",2015-11-17,132
"687",2015-11-18,143
"688",2015-11-19,165
"689",2015-11-20,150
"690",2015-11-21,118
"691",2015-11-22,128
"692",2015-11-23,82
"693",2015-11-24,86
"694",2015-11-25,113
"695",2015-11-26,74
"696",2015-11-27,293
"697",2015-11-28,352
"698",2015-11-29,301
"699",2015-11-30,421
"700",2015-12-01,488
"701",2015-12-02,29
"702",2015-12-03,37
"703",2015-12-04,61
"704",2015-12-05,104
"705",2015-12-06,215
"706",2015-12-07,234
"707",2015-12-08,317
"708",2015-12-09,317
"709",2015-12-10,158
"710",2015-12-11,101
"711",2015-12-12,215
"712",2015-12-13,254
"713",2015-12-14,199
"714",2015-12-15,26
"715",2015-12-16,30
"716",2015-12-17,116
"717",2015-12-18,144
"718",2015-12-19,219
"719",2015-12-20,279
"720",2015-12-21,288
"721",2015-12-22,375
"722",2015-12-23,317
"723",2015-12-24,157
"724",2015-12-25,525
"725",2015-12-26,316
"726",2015-12-27,123
"727",2015-12-28,180
"728",2015-12-29,361
"729",2015-12-30,157
"730",2015-12-31,122
"731",2016-01-01,155
"732",2016-01-02,188
"733",2016-01-03,221
"734",2016-01-04,82
"735",2016-01-05,79
"736",2016-01-06,72
"737",2016-01-07,43
"738",2016-01-08,79
"739",2016-01-09,142
"740",2016-01-10,125
"741",2016-01-11,47
"742",2016-01-12,50
"743",2016-01-13,64
"744",2016-01-14,142
"745",2016-01-15,184
"746",2016-01-16,187
"747",2016-01-17,87
"748",2016-01-18,38
"749",2016-01-19,132
"750",2016-01-20,207
"751",2016-01-21,198
"752",2016-01-22,50
"753",2016-01-23,47
"754",2016-01-24,48
"755",2016-01-25,69
"756",2016-01-26,85
"757",2016-01-27,181
"758",2016-01-28,219
"759",2016-01-29,148
"760",2016-01-30,117
"761",2016-01-31,53
"762",2016-02-01,52
"763",2016-02-02,80
"764",2016-02-03,106
"765",2016-02-04,58
"766",2016-02-05,44
"767",2016-02-06,76
"768",2016-02-07,113
"769",2016-02-08,221
"770",2016-02-09,114
"771",2016-02-10,182
"772",2016-02-11,216
"773",2016-02-12,206
"774",2016-02-13,47
"775",2016-02-14,32
"776",2016-02-15,38
"777",2016-02-16,40
"778",2016-02-17,116
"779",2016-02-18,55
"780",2016-02-19,55
"781",2016-02-20,49
"782",2016-02-21,167
"783",2016-02-22,128
"784",2016-02-23,49
"785",2016-02-24,79
"786",2016-02-25,70
"787",2016-02-26,91
"788",2016-02-27,71
"789",2016-02-28,93
"790",2016-02-29,96
"791",2016-03-01,188
"792",2016-03-02,232
"793",2016-03-03,345
"794",2016-03-04,374
"795",2016-03-05,150
"796",2016-03-06,156
"797",2016-03-07,81
"798",2016-03-08,45
"799",2016-03-09,41
"800",2016-03-10,44
"801",2016-03-11,66
"802",2016-03-12,176
"803",2016-03-13,68
"804",2016-03-14,154
"805",2016-03-15,194
"806",2016-03-16,284
"807",2016-03-17,298
"808",2016-03-18,238
"809",2016-03-19,147
"810",2016-03-20,139
"811",2016-03-21,189
"812",2016-03-22,185
"813",2016-03-23,64
"814",2016-03-24,47
"815",2016-03-25,70
"816",2016-03-26,45
"817",2016-03-27,40
"818",2016-03-28,159
"819",2016-03-29,57
"820",2016-03-30,68
"821",2016-03-31,203
"822",2016-04-01,106
"823",2016-04-02,26
"824",2016-04-03,44
"825",2016-04-04,148
"826",2016-04-05,179
"827",2016-04-06,183
"828",2016-04-07,160
"829",2016-04-08,68
"830",2016-04-09,156
"831",2016-04-10,137
"832",2016-04-11,144
"833",2016-04-12,155
"834",2016-04-13,191
"835",2016-04-14,92
"836",2016-04-15,148
"837",2016-04-16,79
"838",2016-04-17,50
"839",2016-04-18,53
"840",2016-04-19,140
"841",2016-04-20,145
"842",2016-04-21,173
"843",2016-04-22,89
"844",2016-04-23,81
"845",2016-04-24,152
"846",2016-04-25,160
"847",2016-04-26,160
"848",2016-04-27,166
"849",2016-04-28,161
"850",2016-04-29,171
"851",2016-04-30,210
"852",2016-05-01,213
"853",2016-05-02,144
"854",2016-05-03,94
"855",2016-05-04,78
"856",2016-05-05,116
"857",2016-05-06,112
"858",2016-05-07,49
"859",2016-05-08,153
"860",2016-05-09,105
"861",2016-05-10,117
"862",2016-05-11,183
"863",2016-05-12,72
"864",2016-05-13,109
"865",2016-05-14,110
"866",2016-05-15,94
"867",2016-05-16,80
"868",2016-05-17,143
"869",2016-05-18,146
"870",2016-05-19,161
"871",2016-05-20,163
"872",2016-05-21,153
"873",2016-05-22,136
"874",2016-05-23,141
"875",2016-05-24,81
"876",2016-05-25,64
"877",2016-05-26,109
"878",2016-05-27,141
"879",2016-05-28,119
"880",2016-05-29,117
"881",2016-05-30,159
"882",2016-05-31,156
"883",2016-06-01,127
"884",2016-06-02,139
"885",2016-06-03,160
"886",2016-06-04,164
"887",2016-06-05,149
"888",2016-06-06,160
"889",2016-06-07,137
"890",2016-06-08,188
"891",2016-06-09,176
"892",2016-06-10,124
"893",2016-06-11,42
"894",2016-06-12,141
"895",2016-06-13,124
"896",2016-06-14,106
"897",2016-06-15,55
"898",2016-06-16,81
"899",2016-06-17,83
"900",2016-06-18,112
"901",2016-06-19,144
"902",2016-06-20,172
"903",2016-06-21,180
"904",2016-06-22,112
"905",2016-06-23,144
"906",2016-06-24,50
"907",2016-06-25,48
"908",2016-06-26,103
"909",2016-06-27,136
"910",2016-06-28,150
"911",2016-06-29,175
"912",2016-06-30,129
"913",2016-07-01,46
"914",2016-07-02,106
"915",2016-07-03,152
"916",2016-07-04,195
"917",2016-07-05,163
"918",2016-07-06,141
"919",2016-07-07,169
"920",2016-07-08,159
"921",2016-07-09,147
"922",2016-07-10,144
"923",2016-07-11,154
"924",2016-07-12,85
"925",2016-07-13,58
"926",2016-07-14,92
"927",2016-07-15,102
"928",2016-07-16,101
"929",2016-07-17,153
"930",2016-07-18,168
"931",2016-07-19,176
"932",2016-07-20,95
"933",2016-07-21,59
"934",2016-07-22,147
"935",2016-07-23,168
"936",2016-07-24,129
"937",2016-07-25,103
"938",2016-07-26,46
"939",2016-07-27,122
"940",2016-07-28,101
"941",2016-07-29,170
"942",2016-07-30,194
"943",2016-07-31,129
"944",2016-08-01,137
"945",2016-08-02,112
"946",2016-08-03,124
"947",2016-08-04,162
"948",2016-08-05,131
"949",2016-08-06,164
"950",2016-08-07,62
"951",2016-08-08,87
"952",2016-08-09,111
"953",2016-08-10,152
"954",2016-08-11,154
"955",2016-08-12,115
"956",2016-08-13,66
"957",2016-08-14,55
"958",2016-08-15,70
"959",2016-08-16,69
"960",2016-08-17,137
"961",2016-08-18,156
"962",2016-08-19,57
"963",2016-08-20,117
"964",2016-08-21,126
"965",2016-08-22,107
"966",2016-08-23,130
"967",2016-08-24,154
"968",2016-08-25,35
"969",2016-08-26,32
"970",2016-08-27,43
"971",2016-08-28,36
"972",2016-08-29,48
"973",2016-08-30,85
"974",2016-08-31,53
"975",2016-09-01,23
"976",2016-09-02,40
"977",2016-09-03,59
"978",2016-09-04,143
"979",2016-09-05,72
"980",2016-09-06,70
"981",2016-09-07,109
"982",2016-09-08,60
"983",2016-09-09,52
"984",2016-09-10,46
"985",2016-09-11,88
"986",2016-09-12,89
"987",2016-09-13,163
"988",2016-09-14,165
"989",2016-09-15,155
"990",2016-09-16,180
"991",2016-09-17,99
"992",2016-09-18,56
"993",2016-09-19,37
"994",2016-09-20,61
"995",2016-09-21,151
"996",2016-09-22,171
"997",2016-09-23,187
"998",2016-09-24,165
"999",2016-09-25,217
"1000",2016-09-26,136
"1001",2016-09-27,65
"1002",2016-09-28,45
"1003",2016-09-29,130
"1004",2016-09-30,169
"1005",2016-10-01,202
"1006",2016-10-02,219
"1007",2016-10-03,176
"1008",2016-10-04,89
"1009",2016-10-05,141
"1010",2016-10-06,153
"1011",2016-10-07,115
"1012",2016-10-08,44
"1013",2016-10-09,98
"1014",2016-10-10,167
"1015",2016-10-11,181
"1016",2016-10-12,157
"1017",2016-10-13,217
"1018",2016-10-14,286
"1019",2016-10-15,243
"1020",2016-10-16,181
"1021",2016-10-17,139
"1022",2016-10-18,176
"1023",2016-10-19,270
"1024",2016-10-20,164
"1025",2016-10-21,125
"1026",2016-10-22,48
"1027",2016-10-23,83
"1028",2016-10-24,150
"1029",2016-10-25,178
"1030",2016-10-26,93
"1031",2016-10-27,96
"1032",2016-10-28,41
"1033",2016-10-29,79
"1034",2016-10-30,110
"1035",2016-10-31,35
"1036",2016-11-01,111
"1037",2016-11-02,184
"1038",2016-11-03,254
"1039",2016-11-04,298
"1040",2016-11-05,229
"1041",2016-11-06,148
"1042",2016-11-07,94
"1043",2016-11-08,102
"1044",2016-11-09,231
"1045",2016-11-10,198
"1046",2016-11-11,153
"1047",2016-11-12,155
"1048",2016-11-13,172
"1049",2016-11-14,86
"1050",2016-11-15,107
"1051",2016-11-16,182
"1052",2016-11-17,189
"1053",2016-11-18,244
"1054",2016-11-19,183
"1055",2016-11-20,131
"1056",2016-11-21,44
"1057",2016-11-22,36
"1058",2016-11-23,50
"1059",2016-11-24,136
"1060",2016-11-25,234
"1061",2016-11-26,332
"1062",2016-11-27,144
"1063",2016-11-28,151
"1064",2016-11-29,173
"1065",2016-11-30,142
"1066",2016-12-01,66
"1067",2016-12-02,172
"1068",2016-12-03,292
"1069",2016-12-04,327
"1070",2016-12-05,94
"1071",2016-12-06,164
"1072",2016-12-07,201
"1073",2016-12-08,136
"1074",2016-12-09,69
"1075",2016-12-10,120
"1076",2016-12-11,259
"1077",2016-12-12,271
"1078",2016-12-13,87
"1079",2016-12-14,72
"1080",2016-12-15,85
"1081",2016-12-16,182
"1082",2016-12-17,279
"1083",2016-12-18,293
"1084",2016-12-19,271
"1085",2016-12-20,407
"1086",2016-12-21,418
"1087",2016-12-22,131
"1088",2016-12-23,83
"1089",2016-12-24,194
"1090",2016-12-25,214
"1091",2016-12-26,114
"1092",2016-12-27,85
"1093",2016-12-28,122
"1094",2016-12-29,104
"1095",2016-12-30,318
"1096",2016-12-31,379
"1097",2017-01-01,486
"1098",2017-01-02,273
"1099",2017-01-03,383
"1100",2017-01-04,437
"1101",2017-01-05,281
"1102",2017-01-06,285
"1103",2017-01-07,244
"1104",2017-01-08,77
"1105",2017-01-09,77
"1106",2017-01-10,71
"1107",2017-01-11,149
"1108",2017-01-12,104
"1109",2017-01-13,38
"1110",2017-01-14,61
"1111",2017-01-15,124
"1112",2017-01-16,174
"1113",2017-01-17,203
"1114",2017-01-18,114
"1115",2017-01-19,108
"1116",2017-01-20,64
"1117",2017-01-21,80
"1118",2017-01-22,83
"1119",2017-01-23,99
"1120",2017-01-24,171
"1121",2017-01-25,244
"1122",2017-01-26,244
"1123",2017-01-27,102
"1124",2017-01-28,415
"1125",2017-01-29,100
"1126",2017-01-30,73
"1127",2017-01-31,163
"1128",2017-02-01,66
"1129",2017-02-02,168
"1130",2017-02-03,235
"1131",2017-02-04,341
"1132",2017-02-05,45
"1133",2017-02-06,39
"1134",2017-02-07,153
"1135",2017-02-08,88
"1136",2017-02-09,33
"1137",2017-02-10,37
"1138",2017-02-11,84
"1139",2017-02-12,213
"1140",2017-02-13,168
"1141",2017-02-14,236
"1142",2017-02-15,289
"1143",2017-02-16,164
"1144",2017-02-17,65
"1145",2017-02-18,169
"1146",2017-02-19,156
"1147",2017-02-20,39
"1148",2017-02-21,143
"1149",2017-02-22,141
"1150",2017-02-23,61
"1151",2017-02-24,78
"1152",2017-02-25,43
"1153",2017-02-26,80
"1154",2017-02-27,158
"1155",2017-02-28,54
"1156",2017-03-01,47
"1157",2017-03-02,110
"1158",2017-03-03,170
"1159",2017-03-04,165
"1160",2017-03-05,57
"1161",2017-03-06,65
"1162",2017-03-07,40
"1163",2017-03-08,48
"1164",2017-03-09,46
"1165",2017-03-10,88
"1166",2017-03-11,114
"1167",2017-03-12,47
"1168",2017-03-13,33
"1169",2017-03-14,58
"1170",2017-03-15,150
"1171",2017-03-16,185
"1172",2017-03-17,182
"1173",2017-03-18,198
"1174",2017-03-19,258
"1175",2017-03-20,196
"1176",2017-03-21,166
"1177",2017-03-22,192
"1178",2017-03-23,191
"1179",2017-03-24,156
"1180",2017-03-25,100
"1181",2017-03-26,46
"1182",2017-03-27,50
"1183",2017-03-28,141
"1184",2017-03-29,182
"1185",2017-03-30,159
"1186",2017-03-31,69
"1187",2017-04-01,80
"1188",2017-04-02,151
"1189",2017-04-03,198
"1190",2017-04-04,187
"1191",2017-04-05,138
"1192",2017-04-06,172
"1193",2017-04-07,161
"1194",2017-04-08,150
"1195",2017-04-09,154
"1196",2017-04-10,148
"1197",2017-04-11,95
"1198",2017-04-12,106
"1199",2017-04-13,131
"1200",2017-04-14,154
"1201",2017-04-15,112
"1202",2017-04-16,145
"1203",2017-04-17,180
"1204",2017-04-18,75
"1205",2017-04-19,116
"1206",2017-04-20,122
"1207",2017-04-21,61
"1208",2017-04-22,116
"1209",2017-04-23,76
"1210",2017-04-24,118
"1211",2017-04-25,49
"1212",2017-04-26,50
"1213",2017-04-27,55
"1214",2017-04-28,70
"1215",2017-04-29,105
"1216",2017-04-30,152
"1217",2017-05-01,115
"1218",2017-05-02,136
"1219",2017-05-03,131
"1220",2017-05-04,382
"1221",2017-05-05,275
"1222",2017-05-06,101
"1223",2017-05-07,101
"1224",2017-05-08,146
"1225",2017-05-09,112
"1226",2017-05-10,108
"1227",2017-05-11,103
"1228",2017-05-12,106
"1229",2017-05-13,75
"1230",2017-05-14,46
"1231",2017-05-15,74
"1232",2017-05-16,103
"1233",2017-05-17,128
"1234",2017-05-18,160
"1235",2017-05-19,146
"1236",2017-05-20,133
"1237",2017-05-21,141
"1238",2017-05-22,109
"1239",2017-05-23,52
"1240",2017-05-24,58
"1241",2017-05-25,74
"1242",2017-05-26,112
"1243",2017-05-27,143
"1244",2017-05-28,172
"1245",2017-05-29,89
"1246",2017-05-30,106
"1247",2017-05-31,141
"1248",2017-06-01,76
"1249",2017-06-02,75
"1250",2017-06-03,89
"1251",2017-06-04,122
"1252",2017-06-05,146
"1253",2017-06-06,119
"1254",2017-06-07,110
"1255",2017-06-08,76
"1256",2017-06-09,95
"1257",2017-06-10,62
"1258",2017-06-11,87
"1259",2017-06-12,95
"1260",2017-06-13,105
"1261",2017-06-14,113
"1262",2017-06-15,96
"1263",2017-06-16,140
"1264",2017-06-17,155
"1265",2017-06-18,152
"1266",2017-06-19,96
"1267",2017-06-20,94
"1268",2017-06-21,116
"1269",2017-06-22,86
"1270",2017-06-23,73
"1271",2017-06-24,73
"1272",2017-06-25,94
"1273",2017-06-26,72
"1274",2017-06-27,132
"1275",2017-06-28,147
"1276",2017-06-29,128
"1277",2017-06-30,144
"1278",2017-07-01,160
"1279",2017-07-02,139
"1280",2017-07-03,125
"1281",2017-07-04,119
"1282",2017-07-05,151
"1283",2017-07-06,135
"1284",2017-07-07,98
"1285",2017-07-08,91
"1286",2017-07-09,156
"1287",2017-07-10,81
"1288",2017-07-11,121
"1289",2017-07-12,153
"1290",2017-07-13,124
"1291",2017-07-14,101
"1292",2017-07-15,104
"1293",2017-07-16,160
"1294",2017-07-17,136
"1295",2017-07-18,149
"1296",2017-07-19,187
"1297",2017-07-20,214
"1298",2017-07-21,72
"1299",2017-07-22,62
"1300",2017-07-23,98
"1301",2017-07-24,88
"1302",2017-07-25,80
"1303",2017-07-26,54
"1304",2017-07-27,95
"1305",2017-07-28,83
"1306",2017-07-29,81
"1307",2017-07-30,85
"1308",2017-07-31,151
"1309",2017-08-01,115
"1310",2017-08-02,79
"1311",2017-08-03,55
"1312",2017-08-04,73
"1313",2017-08-05,75
"1314",2017-08-06,51
"1315",2017-08-07,32
"1316",2017-08-08,84
"1317",2017-08-09,70
"1318",2017-08-10,143
"1319",2017-08-11,149
"1320",2017-08-12,92
"1321",2017-08-13,104
"1322",2017-08-14,77
"1323",2017-08-15,118
"1324",2017-08-16,119
"1325",2017-08-17,68
"1326",2017-08-18,137
"1327",2017-08-19,118
"1328",2017-08-20,149
"1329",2017-08-21,151
"1330",2017-08-22,143
"1331",2017-08-23,62
"1332",2017-08-24,47
"1333",2017-08-25,30
"1334",2017-08-26,47
"1335",2017-08-27,50
"1336",2017-08-28,51
"1337",2017-08-29,53
"1338",2017-08-30,121
"1339",2017-08-31,144
"1340",2017-09-01,192
"1341",2017-09-02,158
"1342",2017-09-03,121
"1343",2017-09-04,153
"1344",2017-09-05,90
"1345",2017-09-06,57
"1346",2017-09-07,51.8
"1347",2017-09-08,46.6
"1348",2017-09-09,41.4
"1349",2017-09-10,36.2
"1350",2017-09-11,31
"1351",2017-09-12,66
"1352",2017-09-13,141
"1353",2017-09-14,144
"1354",2017-09-15,129
"1355",2017-09-16,168
"1356",2017-09-17,42
"1357",2017-09-18,67
"1358",2017-09-19,44
"1359",2017-09-20,44
"1360",2017-09-21,136
"1361",2017-09-22,65
"1362",2017-09-23,130
"1363",2017-09-24,145
"1364",2017-09-25,137
"1365",2017-09-26,94
"1366",2017-09-27,76
"1367",2017-09-28,32
"1368",2017-09-29,114
"1369",2017-09-30,167
"1370",2017-10-01,109
"1371",2017-10-02,49
"1372",2017-10-03,50
"1373",2017-10-04,76
"1374",2017-10-05,115
"1375",2017-10-06,135
"1376",2017-10-07,174
"1377",2017-10-08,183
"1378",2017-10-09,84
"1379",2017-10-10,18
"1380",2017-10-11,41
"1381",2017-10-12,72
"1382",2017-10-13,112
"1383",2017-10-14,46
"1384",2017-10-15,117
"1385",2017-10-16,102
"1386",2017-10-17,147
"1387",2017-10-18,151
"1388",2017-10-19,140
"1389",2017-10-20,170
"1390",2017-10-21,139
"1391",2017-10-22,98
"1392",2017-10-23,84
"1393",2017-10-24,140
"1394",2017-10-25,172
"1395",2017-10-26,196
"1396",2017-10-27,218
"1397",2017-10-28,79
"1398",2017-10-29,23
"1399",2017-10-30,49
"1400",2017-10-31,135
"1401",2017-11-01,142
"1402",2017-11-02,121
"1403",2017-11-03,31
"1404",2017-11-04,98
"1405",2017-11-05,169
"1406",2017-11-06,196
"1407",2017-11-07,132
"1408",2017-11-08,64
"1409",2017-11-09,134
"1410",2017-11-10,33
"1411",2017-11-11,51
"1412",2017-11-12,143
"1413",2017-11-13,75
"1414",2017-11-14,41
"1415",2017-11-15,62
"1416",2017-11-16,148
"1417",2017-11-17,73
"1418",2017-11-18,84
"1419",2017-11-19,172
"1420",2017-11-20,179
"1421",2017-11-21,188
"1422",2017-11-22,35
"1423",2017-11-23,31
"1424",2017-11-24,61
"1425",2017-11-25,129
"1426",2017-11-26,40
"1427",2017-11-27,152
"1428",2017-11-28,96
"1429",2017-11-29,46
"1430",2017-11-30,77
"1431",2017-12-01,158
"1432",2017-12-02,219
"1433",2017-12-03,93
"1434",2017-12-04,26
"1435",2017-12-05,62
"1436",2017-12-06,83
"1437",2017-12-07,35
"1438",2017-12-08,74
"1439",2017-12-09,93
"1440",2017-12-10,35
"1441",2017-12-11,31
"1442",2017-12-12,48
"1443",2017-12-13,95
"1444",2017-12-14,157
"1445",2017-12-15,84
"1446",2017-12-16,38
"1447",2017-12-17,84
"1448",2017-12-18,46
"1449",2017-12-19,90
"1450",2017-12-20,60
"1451",2017-12-21,116
"1452",2017-12-22,104
"1453",2017-12-23,103
"1454",2017-12-24,54
"1455",2017-12-25,90
"1456",2017-12-26,68
"1457",2017-12-27,156
"1458",2017-12-28,180
"1459",2017-12-29,232
"1460",2017-12-30,169
"1461",2017-12-31,89
"1462",2018-01-01,101
"1463",2018-01-02,86
"1464",2018-01-03,43
"1465",2018-01-04,48
"1466",2018-01-05,89
"1467",2018-01-06,42
"1468",2018-01-07,108
"1469",2018-01-08,51
"1470",2018-01-09,31
"1471",2018-01-10,27
"1472",2018-01-11,36
"1473",2018-01-12,116
"1474",2018-01-13,163
"1475",2018-01-14,183
"1476",2018-01-15,86
"1477",2018-01-16,114
"1478",2018-01-17,107
"1479",2018-01-18,113
"1480",2018-01-19,156
"1481",2018-01-20,97
"1482",2018-01-21,103
"1483",2018-01-22,66
"1484",2018-01-23,37
"1485",2018-01-24,48
"1486",2018-01-25,32
"1487",2018-01-26,78
"1488",2018-01-27,168
"1489",2018-01-28,38
"1490",2018-01-29,36
"1491",2018-01-30,41
"1492",2018-01-31,62
"1493",2018-02-01,90
"1494",2018-02-02,37
"1495",2018-02-03,33
"1496",2018-02-04,58
"1497",2018-02-05,29
"1498",2018-02-06,98
"1499",2018-02-07,81
"1500",2018-02-08,126
"1501",2018-02-09,107
"1502",2018-02-10,44
"1503",2018-02-11,46
"1504",2018-02-12,43
"1505",2018-02-13,130
"1506",2018-02-14,55
"1507",2018-02-15,95
"1508",2018-02-16,166
"1509",2018-02-17,160
"1510",2018-02-18,181
"1511",2018-02-19,196
"1512",2018-02-20,102
"1513",2018-02-21,115
"1514",2018-02-22,55
"1515",2018-02-23,76
"1516",2018-02-24,85
"1517",2018-02-25,125
"1518",2018-02-26,184
"1519",2018-02-27,227
"1520",2018-02-28,160
"1521",2018-03-01,52
"1522",2018-03-02,158
"1523",2018-03-03,223
"1524",2018-03-04,136
"1525",2018-03-05,130
"1526",2018-03-06,117
"1527",2018-03-07,119
"1528",2018-03-08,107
"1529",2018-03-09,171
"1530",2018-03-10,176
"1531",2018-03-11,146
"1532",2018-03-12,198
"1533",2018-03-13,274
"1534",2018-03-14,255
"1535",2018-03-15,63
"1536",2018-03-16,88
"1537",2018-03-17,139
"1538",2018-03-18,172
"1539",2018-03-19,137
"1540",2018-03-20,76
"1541",2018-03-21,140
"1542",2018-03-22,163
"1543",2018-03-23,180
"1544",2018-03-24,179
"1545",2018-03-25,132
"1546",2018-03-26,181
"1547",2018-03-27,229
"1548",2018-03-28,194
"1549",2018-03-29,107
"1550",2018-03-30,113
"1551",2018-03-31,176
"1552",2018-04-01,223
"1553",2018-04-02,252
"1554",2018-04-03,54
"1555",2018-04-04,73
"1556",2018-04-05,127
"1557",2018-04-06,60
"1558",2018-04-07,54
"1559",2018-04-08,108
"1560",2018-04-09,158
"1561",2018-04-10,109
"1562",2018-04-11,119
"1563",2018-04-12,125
"1564",2018-04-13,124
"1565",2018-04-14,132
"1566",2018-04-15,108
"1567",2018-04-16,168
"1568",2018-04-17,171
"1569",2018-04-18,169
"1570",2018-04-19,177
"1571",2018-04-20,183
"1572",2018-04-21,123
"1573",2018-04-22,46
"1574",2018-04-23,59
"1575",2018-04-24,71
"1576",2018-04-25,97
"1577",2018-04-26,168
"1578",2018-04-27,127
"1579",2018-04-28,161
"1580",2018-04-29,202
"1581",2018-04-30,89
"1582",2018-05-01,122
"1583",2018-05-02,68
"1584",2018-05-03,72
"1585",2018-05-04,148
"1586",2018-05-05,166
"1587",2018-05-06,140
"1588",2018-05-07,161
"1589",2018-05-08,110
"1590",2018-05-09,140
"1591",2018-05-10,170
"1592",2018-05-11,156
"1593",2018-05-12,188
"1594",2018-05-13,124
"1595",2018-05-14,185
"1596",2018-05-15,155
"1597",2018-05-16,178
"1598",2018-05-17,111
"1599",2018-05-18,73
"1600",2018-05-19,106
"1601",2018-05-20,112
"1602",2018-05-21,146
"1603",2018-05-22,130
"1604",2018-05-23,163
"1605",2018-05-24,159
"1606",2018-05-25,156
"1607",2018-05-26,187
"1608",2018-05-27,158
"1609",2018-05-28,121
"1610",2018-05-29,68
"1611",2018-05-30,106
"1612",2018-05-31,115
"1613",2018-06-01,120
"1614",2018-06-02,149
"1615",2018-06-03,152
"1616",2018-06-04,114
"1617",2018-06-05,117
"1618",2018-06-06,149
"1619",2018-06-07,100
"1620",2018-06-08,66
"1621",2018-06-09,65
"1622",2018-06-10,113
"1623",2018-06-11,146
"1624",2018-06-12,161
"1625",2018-06-13,112
"1626",2018-06-14,92
"1627",2018-06-15,157
"1628",2018-06-16,153
"1629",2018-06-17,118
"1630",2018-06-18,150
"1631",2018-06-19,129
"1632",2018-06-20,108
"1633",2018-06-21,91
"1634",2018-06-22,131
"1635",2018-06-23,129
"1636",2018-06-24,116
"1637",2018-06-25,144
"1638",2018-06-26,171
"1639",2018-06-27,73
"1640",2018-06-28,23
"1641",2018-06-29,60
"1642",2018-06-30,91
"1643",2018-07-01,115
"1644",2018-07-02,202
"1645",2018-07-03,205
"1646",2018-07-04,92
"1647",2018-07-05,97
"1648",2018-07-06,87
"1649",2018-07-07,90
"1650",2018-07-08,83
"1651",2018-07-09,103
"1652",2018-07-10,78
"1653",2018-07-11,65
"1654",2018-07-12,84
"1655",2018-07-13,94
"1656",2018-07-14,100
"1657",2018-07-15,119
"1658",2018-07-16,58
"1659",2018-07-17,46
"1660",2018-07-18,143
"1661",2018-07-19,116
"1662",2018-07-20,136
"1663",2018-07-21,124
"1664",2018-07-22,92
"1665",2018-07-23,109
"1666",2018-07-24,46
"1667",2018-07-25,28
"1668",2018-07-26,38
"1669",2018-07-27,97
"1670",2018-07-28,119
"1671",2018-07-29,154
"1672",2018-07-30,142
"1673",2018-07-31,135
"1674",2018-08-01,134
"1675",2018-08-02,160
"1676",2018-08-03,126
"1677",2018-08-04,144
"1678",2018-08-05,84
"1679",2018-08-06,91
"1680",2018-08-07,123
"1681",2018-08-08,61
"1682",2018-08-09,72
"1683",2018-08-10,88
"1684",2018-08-11,108
"1685",2018-08-12,132
"1686",2018-08-13,105
"1687",2018-08-14,81
"1688",2018-08-15,45
"1689",2018-08-16,43
"1690",2018-08-17,95
"1691",2018-08-18,47
"1692",2018-08-19,57
"1693",2018-08-20,72
"1694",2018-08-21,41
"1695",2018-08-22,62
"1696",2018-08-23,57
"1697",2018-08-24,39
"1698",2018-08-25,75
"1699",2018-08-26,130
"1700",2018-08-27,133
"1701",2018-08-28,126
"1702",2018-08-29,25
"1703",2018-08-30,55
"1704",2018-08-31,48
"1705",2018-09-01,113
"1706",2018-09-02,103
"1707",2018-09-03,82
"1708",2018-09-04,29
"1709",2018-09-05,44
"1710",2018-09-06,35
"1711",2018-09-07,21
"1712",2018-09-08,29
"1713",2018-09-09,72
"1714",2018-09-10,115
"1715",2018-09-11,105
"1716",2018-09-12,110
"1717",2018-09-13,157
"1718",2018-09-14,169
"1719",2018-09-15,42
"1720",2018-09-16,25
"1721",2018-09-17,46
"1722",2018-09-18,63
"1723",2018-09-19,81
"1724",2018-09-20,115
"1725",2018-09-21,48
"1726",2018-09-22,17
"1727",2018-09-23,25
"1728",2018-09-24,29
"1729",2018-09-25,68
"1730",2018-09-26,92
"1731",2018-09-27,144
"1732",2018-09-28,131
"1733",2018-09-29,27
"1734",2018-09-30,20
"1735",2018-10-01,32
"1736",2018-10-02,38
"1737",2018-10-03,51
"1738",2018-10-04,114
"1739",2018-10-05,161
"1740",2018-10-06,29
"1741",2018-10-07,38
"1742",2018-10-08,48
"1743",2018-10-09,19
"1744",2018-10-10,28
"1745",2018-10-11,32
"1746",2018-10-12,107
"1747",2018-10-13,165
"1748",2018-10-14,200
"1749",2018-10-15,204
"1750",2018-10-16,140
"1751",2018-10-17,96
"1752",2018-10-18,100
"1753",2018-10-19,116
"1754",2018-10-20,153
"1755",2018-10-21,186
"1756",2018-10-22,211
"1757",2018-10-23,45
"1758",2018-10-24,125
"1759",2018-10-25,163
"1760",2018-10-26,25
"1761",2018-10-27,42
"1762",2018-10-28,17
"1763",2018-10-29,21
"1764",2018-10-30,44
"1765",2018-10-31,83
"1766",2018-11-01,116
"1767",2018-11-02,188
"1768",2018-11-03,205
"1769",2018-11-04,130
"1770",2018-11-05,67
"1771",2018-11-06,52
"1772",2018-11-07,82
"1773",2018-11-08,156
"1774",2018-11-09,91
"1775",2018-11-10,48
"1776",2018-11-11,119
"1777",2018-11-12,176
"1778",2018-11-13,236
"1779",2018-11-14,272
"1780",2018-11-15,100
"1781",2018-11-16,35
"1782",2018-11-17,110
"1783",2018-11-18,94
"1784",2018-11-19,122
"1785",2018-11-20,111
"1786",2018-11-21,75
"1787",2018-11-22,90
"1788",2018-11-23,151
"1789",2018-11-24,157
"1790",2018-11-25,170
"1791",2018-11-26,295
"1792",2018-11-27,118
"1793",2018-11-28,146
"1794",2018-11-29,139
"1795",2018-11-30,201
"1796",2018-12-01,198
"1797",2018-12-02,233
"1798",2018-12-03,129
"1799",2018-12-04,53
"1800",2018-12-05,122
"1801",2018-12-06,35
"1802",2018-12-07,28
"1803",2018-12-08,33
"1804",2018-12-09,106
"1805",2018-12-10,144
"1806",2018-12-11,73
"1807",2018-12-12,86
"1808",2018-12-13,46
"1809",2018-12-14,113
"1810",2018-12-15,172
"1811",2018-12-16,122
"1812",2018-12-17,100
"1813",2018-12-18,91
"1814",2018-12-19,86
"1815",2018-12-20,126
"1816",2018-12-21,145
"1817",2018-12-22,100
"1818",2018-12-23,41
"1819",2018-12-24,124
"1820",2018-12-25,85
"1821",2018-12-26,33
"1822",2018-12-27,34
"1823",2018-12-28,35
"1824",2018-12-29,38
"1825",2018-12-30,48
"1826",2018-12-31,82
"1827",2019-01-01,116
"1828",2019-01-02,118
"1829",2019-01-03,204
"1830",2019-01-04,63
"1831",2019-01-05,52
"1832",2019-01-06,147
"1833",2019-01-07,95
"1834",2019-01-08,50
"1835",2019-01-09,121
"1836",2019-01-10,166
"1837",2019-01-11,186
"1838",2019-01-12,282
"1839",2019-01-13,201
"1840",2019-01-14,207
"1841",2019-01-15,42
"1842",2019-01-16,118
"1843",2019-01-17,122
"1844",2019-01-18,163
"1845",2019-01-19,52
"1846",2019-01-20,43
"1847",2019-01-21,85
"1848",2019-01-22,93
"1849",2019-01-23,77
"1850",2019-01-24,186
"1851",2019-01-25,53
"1852",2019-01-26,70
"1853",2019-01-27,129
"1854",2019-01-28,85
"1855",2019-01-29,183
"1856",2019-01-30,79
"1857",2019-01-31,48
"1858",2019-02-01,127
"1859",2019-02-02,186
"1860",2019-02-03,97
"1861",2019-02-04,119
"1862",2019-02-05,179
"1863",2019-02-06,141
"1864",2019-02-07,40
"1865",2019-02-08,80
"1866",2019-02-09,38
"1867",2019-02-10,83
"1868",2019-02-11,112
"1869",2019-02-12,86
"1870",2019-02-13,75
"1871",2019-02-14,133
"1872",2019-02-15,42
"1873",2019-02-16,38
"1874",2019-02-17,49
"1875",2019-02-18,96
"1876",2019-02-19,175
"1877",2019-02-20,94
"1878",2019-02-21,176
"1879",2019-02-22,195
"1880",2019-02-23,229
"1881",2019-02-24,153
"1882",2019-02-25,151
"1883",2019-02-26,139
"1884",2019-02-27,172
"1885",2019-02-28,165
"1886",2019-03-01,197
"1887",2019-03-02,250
"1888",2019-03-03,215
"1889",2019-03-04,172
"1890",2019-03-05,147
"1891",2019-03-06,36
"1892",2019-03-07,66
"1893",2019-03-08,150
"1894",2019-03-09,166
"1895",2019-03-10,183
"1896",2019-03-11,64
"1897",2019-03-12,28
"1898",2019-03-13,36
"1899",2019-03-14,34
"1900",2019-03-15,43
"1901",2019-03-16,81
"1902",2019-03-17,130
"1903",2019-03-18,175
"1904",2019-03-19,193
"1905",2019-03-20,153
"1906",2019-03-21,49
"1907",2019-03-22,33
"1908",2019-03-23,46
"1909",2019-03-24,109
"1910",2019-03-25,99
"1911",2019-03-26,118
"1912",2019-03-27,144
"1913",2019-03-28,108
"1914",2019-03-29,70
"1915",2019-03-30,25
"1916",2019-03-31,41
"1917",2019-04-01,52
"1918",2019-04-02,94
"1919",2019-04-03,142
"1920",2019-04-04,149
"1921",2019-04-05,108
"1922",2019-04-06,123
"1923",2019-04-07,132
"1924",2019-04-08,104
"1925",2019-04-09,82
"1926",2019-04-10,88
"1927",2019-04-11,138
"1928",2019-04-12,151
"1929",2019-04-13,163
"1930",2019-04-14,70
"1931",2019-04-15,133
"1932",2019-04-16,160
"1933",2019-04-17,183
"1934",2019-04-18,121
"1935",2019-04-19,83
"1936",2019-04-20,122
"1937",2019-04-21,156
"1938",2019-04-22,176
"1939",2019-04-23,168
"1940",2019-04-24,104
"1941",2019-04-25,71
"1942",2019-04-26,109
"1943",2019-04-27,110
"1944",2019-04-28,135
"1945",2019-04-29,180
"1946",2019-04-30,167
"1947",2019-05-01,145
"1948",2019-05-02,214
"1949",2019-05-03,161
"1950",2019-05-04,145
"1951",2019-05-05,78
"1952",2019-05-06,79
"1953",2019-05-07,98
"1954",2019-05-08,132
"1955",2019-05-09,115
"1956",2019-05-10,140
"1957",2019-05-11,162
"1958",2019-05-12,181
"1959",2019-05-13,86
"1960",2019-05-14,141
"1961",2019-05-15,175
"1962",2019-05-16,155
"1963",2019-05-17,162
"1964",2019-05-18,106
"1965",2019-05-19,88
"1966",2019-05-20,65
"1967",2019-05-21,80
"1968",2019-05-22,106
"1969",2019-05-23,107
"1970",2019-05-24,135
"1971",2019-05-25,149
"1972",2019-05-26,104
"1973",2019-05-27,41
"1974",2019-05-28,61
"1975",2019-05-29,92
"1976",2019-05-30,90
"1977",2019-05-31,68
"1978",2019-06-01,112
"1979",2019-06-02,133
"1980",2019-06-03,104
"1981",2019-06-04,150
"1982",2019-06-05,161
"1983",2019-06-06,137
"1984",2019-06-07,151
"1985",2019-06-08,102
"1986",2019-06-09,31
"1987",2019-06-10,96
"1988",2019-06-11,132
"1989",2019-06-12,118
"1990",2019-06-13,84
"1991",2019-06-14,102
"1992",2019-06-15,76
"1993",2019-06-16,86
"1994",2019-06-17,137
"1995",2019-06-18,158
"1996",2019-06-19,161
"1997",2019-06-20,145
"1998",2019-06-21,130
"1999",2019-06-22,75
"2000",2019-06-23,121
"2001",2019-06-24,114
"2002",2019-06-25,134
"2003",2019-06-26,125
"2004",2019-06-27,141
"2005",2019-06-28,75
"2006",2019-06-29,53
"2007",2019-06-30,17
"2008",2019-07-01,34
"2009",2019-07-02,83
"2010",2019-07-03,87
"2011",2019-07-04,116
"2012",2019-07-05,95
"2013",2019-07-06,34
"2014",2019-07-07,53
"2015",2019-07-08,86
"2016",2019-07-09,99
"2017",2019-07-10,153
"2018",2019-07-11,87
"2019",2019-07-12,78
"2020",2019-07-13,154
"2021",2019-07-14,61
"2022",2019-07-15,149
"2023",2019-07-16,102
"2024",2019-07-17,137
"2025",2019-07-18,157
"2026",2019-07-19,143
"2027",2019-07-20,139
"2028",2019-07-21,153
"2029",2019-07-22,168
"2030",2019-07-23,86
"2031",2019-07-24,89
"2032",2019-07-25,70
"2033",2019-07-26,103
"2034",2019-07-27,163
"2035",2019-07-28,137
"2036",2019-07-29,51
"2037",2019-07-30,91
"2038",2019-07-31,72
"2039",2019-08-01,84
"2040",2019-08-02,94
"2041",2019-08-03,112
"2042",2019-08-04,115
"2043",2019-08-05,107
"2044",2019-08-06,132
"2045",2019-08-07,72
"2046",2019-08-08,110
"2047",2019-08-09,118
"2048",2019-08-10,82
"2049",2019-08-11,56
"2050",2019-08-12,32
"2051",2019-08-13,26
"2052",2019-08-14,82
"2053",2019-08-15,63
"2054",2019-08-16,30
"2055",2019-08-17,38
"2056",2019-08-18,59
"2057",2019-08-19,110
"2058",2019-08-20,125
"2059",2019-08-21,94
"2060",2019-08-22,58
"2061",2019-08-23,45
"2062",2019-08-24,61
"2063",2019-08-25,81
"2064",2019-08-26,165
"2065",2019-08-27,81
"2066",2019-08-28,19
"2067",2019-08-29,17
"2068",2019-08-30,30
"2069",2019-08-31,51
"2070",2019-09-01,68
"2071",2019-09-02,80
"2072",2019-09-03,136
"2073",2019-09-04,137
"2074",2019-09-05,119
"2075",2019-09-06,135
"2076",2019-09-07,125
"2077",2019-09-08,106
"2078",2019-09-09,160
"2079",2019-09-10,40
"2080",2019-09-11,67
"2081",2019-09-12,70
"2082",2019-09-13,80
"2083",2019-09-14,53
"2084",2019-09-15,101
"2085",2019-09-16,69
"2086",2019-09-17,129
"2087",2019-09-18,30
"2088",2019-09-19,85
"2089",2019-09-20,111
"2090",2019-09-21,143
"2091",2019-09-22,159
"2092",2019-09-23,94
"2093",2019-09-24,51
"2094",2019-09-25,79
"2095",2019-09-26,112
"2096",2019-09-27,131
"2097",2019-09-28,150
"2098",2019-09-29,182
"2099",2019-09-30,160
"2100",2019-10-01,128
"2101",2019-10-02,140
"2102",2019-10-03,148
"2103",2019-10-04,46
"2104",2019-10-05,31
"2105",2019-10-06,80
"2106",2019-10-07,127
"2107",2019-10-08,34
"2108",2019-10-09,94
"2109",2019-10-10,131
"2110",2019-10-11,114
"2111",2019-10-12,95
"2112",2019-10-13,80
"2113",2019-10-14,42
"2114",2019-10-15,66
"2115",2019-10-16,89
"2116",2019-10-17,154
"2117",2019-10-18,156
"2118",2019-10-19,201
"2119",2019-10-20,154
"2120",2019-10-21,63
"2121",2019-10-22,124
"2122",2019-10-23,166
"2123",2019-10-24,163
"2124",2019-10-25,71
"2125",2019-10-26,98
"2126",2019-10-27,145
"2127",2019-10-28,90
"2128",2019-10-29,104
"2129",2019-10-30,153
"2130",2019-10-31,121
"2131",2019-11-01,90
"2132",2019-11-02,82
"2133",2019-11-03,97
"2134",2019-11-04,139
"2135",2019-11-05,118
"2136",2019-11-06,119
"2137",2019-11-07,82
"2138",2019-11-08,121
"2139",2019-11-09,162
"2140",2019-11-10,99
"2141",2019-11-11,69
"2142",2019-11-12,143
"2143",2019-11-13,47
"2144",2019-11-14,87
"2145",2019-11-15,101
"2146",2019-11-16,135
"2147",2019-11-17,139
"2148",2019-11-18,71
"2149",2019-11-19,71
"2150",2019-11-20,156
"2151",2019-11-21,173
"2152",2019-11-22,198
"2153",2019-11-23,197
"2154",2019-11-24,42
"2155",2019-11-25,55
"2156",2019-11-26,125
"2157",2019-11-27,36
"2158",2019-11-28,125
"2159",2019-11-29,143
"2160",2019-11-30,121
"2161",2019-12-01,52
"2162",2019-12-02,43
"2163",2019-12-03,63
"2164",2019-12-04,53
"2165",2019-12-05,76
"2166",2019-12-06,131
"2167",2019-12-07,137
"2168",2019-12-08,212
"2169",2019-12-09,237
"2170",2019-12-10,154
"2171",2019-12-11,37
"2172",2019-12-12,65
"2173",2019-12-13,82
"2174",2019-12-14,61
"2175",2019-12-15,145
"2176",2019-12-16,160
"2177",2019-12-17,45
"2178",2019-12-18,64
"2179",2019-12-19,52
"2180",2019-12-20,64
"2181",2019-12-21,130
"2182",2019-12-22,157
"2183",2019-12-23,108
"2184",2019-12-24,164
"2185",2019-12-25,128
"2186",2019-12-26,61
"2187",2019-12-27,117
"2188",2019-12-28,152
"2189",2019-12-29,156
"2190",2019-12-30,135
"2191",2019-12-31,114
"2192",2020-01-01,93
"2193",2020-01-02,132
"2194",2020-01-03,124
"2195",2020-01-04,98
"2196",2020-01-05,152
"2197",2020-01-06,149
"2198",2020-01-07,57
"2199",2020-01-08,63
"2200",2020-01-09,127
"2201",2020-01-10,83
"2202",2020-01-11,47
"2203",2020-01-12,67
"2204",2020-01-13,51
"2205",2020-01-14,62
"2206",2020-01-15,127
"2207",2020-01-16,107
"2208",2020-01-17,165
"2209",2020-01-18,251
"2210",2020-01-19,94
"2211",2020-01-20,40
"2212",2020-01-21,132
"2213",2020-01-22,158
"2214",2020-01-23,126
"2215",2020-01-24,154
"2216",2020-01-25,206
"2217",2020-01-26,231
"2218",2020-01-27,235
"2219",2020-01-28,245
"2220",2020-01-29,154
"2221",2020-01-30,133
"2222",2020-01-31,120
"2223",2020-02-01,30
"2224",2020-02-02,85
"2225",2020-02-03,79
"2226",2020-02-04,38
"2227",2020-02-05,87
"2228",2020-02-06,119
"2229",2020-02-07,160
"2230",2020-02-08,127
"2231",2020-02-09,193
"2232",2020-02-10,195
"2233",2020-02-11,244
"2234",2020-02-12,253
"2235",2020-02-13,261
"2236",2020-02-14,112
"2237",2020-02-15,29
"2238",2020-02-16,18
"2239",2020-02-17,27
"2240",2020-02-18,55
"2241",2020-02-19,126
"2242",2020-02-20,176
"2243",2020-02-21,135
"2244",2020-02-22,25
"2245",2020-02-23,110
"2246",2020-02-24,150
"2247",2020-02-25,127
"2248",2020-02-26,94
"2249",2020-02-27,79
"2250",2020-02-28,138
"2251",2020-02-29,167
"2252",2020-03-01,72
"2253",2020-03-02,80
"2254",2020-03-03,99
"2255",2020-03-04,47
"2256",2020-03-05,110
"2257",2020-03-06,168
"2258",2020-03-07,135
"2259",2020-03-08,171
"2260",2020-03-09,129
"2261",2020-03-10,52
"2262",2020-03-11,92
"2263",2020-03-12,74
"2264",2020-03-13,42
"2265",2020-03-14,36
"2266",2020-03-15,34
"2267",2020-03-16,87
"2268",2020-03-17,100
"2269",2020-03-18,119
"2270",2020-03-19,39
"2271",2020-03-20,94
"2272",2020-03-21,86
"2273",2020-03-22,98
"2274",2020-03-23,102
"2275",2020-03-24,121
"2276",2020-03-25,192
"2277",2020-03-26,39
"2278",2020-03-27,17
"2279",2020-03-28,37
"2280",2020-03-29,122
"2281",2020-03-30,156
"2282",2020-03-31,151
"2283",2020-04-01,35
"2284",2020-04-02,60
"2285",2020-04-03,65
"2286",2020-04-04,84
"2287",2020-04-05,86
"2288",2020-04-06,152
"2289",2020-04-07,126
"2290",2020-04-08,76
"2291",2020-04-09,103
"2292",2020-04-10,117
"2293",2020-04-11,79
"2294",2020-04-12,69
"2295",2020-04-13,88
"2296",2020-04-14,153
"2297",2020-04-15,151
"2298",2020-04-16,83
"2299",2020-04-17,80
"2300",2020-04-18,100
"2301",2020-04-19,122
"2302",2020-04-20,39
"2303",2020-04-21,40
"2304",2020-04-22,36
"2305",2020-04-23,35
"2306",2020-04-24,65
"2307",2020-04-25,55
"2308",2020-04-26,94
"2309",2020-04-27,141
"2310",2020-04-28,157
"2311",2020-04-29,150
"2312",2020-04-30,185
"2313",2020-05-01,189
"2314",2020-05-02,149
"2315",2020-05-03,143
"2316",2020-05-04,109
"2317",2020-05-05,150
"2318",2020-05-06,160
"2319",2020-05-07,160
"2320",2020-05-08,107
"2321",2020-05-09,100
"2322",2020-05-10,72
"2323",2020-05-11,54
"2324",2020-05-12,63
"2325",2020-05-13,108
"2326",2020-05-14,95
"2327",2020-05-15,115
"2328",2020-05-16,124
"2329",2020-05-17,66
"2330",2020-05-18,41
"2331",2020-05-19,68
"2332",2020-05-20,69
