,DATE,BEIJING,TIANJIN,SHANGHAI,QINGDAO,SHENYANG,DALIAN,CHINA
367,2015-01-01,137,150,126,NA,132,53,119.6
368,2015-01-02,123,147,163,NA,140,76,129.8
369,2015-01-03,252,266,173,181,152,111,189.1666667
370,2015-01-04,258,393,187,240,201,207,247.6666667
371,2015-01-05,150,197,158,234,156,194,181.5
372,2015-01-06,96,91,147,91,106,75,101
373,2015-01-07,150,156,111,151,123,86,129.5
374,2015-01-08,222,221,157,148,257,107,185.3333333
375,2015-01-09,148,201,205,280,320,155,218.1666667
376,2015-01-10,245,259,222,229,242,160,226.1666667
377,2015-01-11,79,140,245,218,191,108,163.5
378,2015-01-12,179,108,76,107,273,100,140.5
379,2015-01-13,239,194,74,95,231,104,156.1666667
380,2015-01-14,288,277,81,117,262,136,193.5
381,2015-01-15,396,285,162,211,245,181,246.6666667
382,2015-01-16,143,157,182,270,169,151,178.6666667
383,2015-01-17,120,108,151,161,155,78,128.8333333
384,2015-01-18,135,165,147,174,185,164,161.6666667
385,2015-01-19,117,92,164,131,174,81,126.5
386,2015-01-20,169,160,103,76,307,87,150.3333333
387,2015-01-21,58,138,172,133,212,136,141.5
388,2015-01-22,173,169,191,128,432,109,200.3333333
389,2015-01-23,276,217,181,172,308,156,218.3333333
390,2015-01-24,157,196,178,176,185,155,174.5
391,2015-01-25,189,166,188,159,276,152,188.3333333
392,2015-01-26,135,223,181,190,146,139,169
393,2015-01-27,66,78,125,68,109,55,83.5
394,2015-01-28,99,160,78,83,245,91,126
395,2015-01-29,120,161,68,124,208,133,135.6666667
396,2015-01-30,45,83,153,155,107,62,100.8333333
397,2015-01-31,84,108,110,132,228,70,122
398,2015-02-01,151,204,80,149,287,139,168.3333333
399,2015-02-02,212,194,92,146,265,224,188.8333333
400,2015-02-03,167,235,118,191,248,213,195.3333333
401,2015-02-04,45,80,229,233,170,124,146.8333333
402,2015-02-05,76,89,177,128,179,61,118.3333333
403,2015-02-06,152,185,160,157,190,129,162.1666667
404,2015-02-07,40,133,178,181,86,95,118.8333333
405,2015-02-08,70,67,113,86,104,57,82.83333333
406,2015-02-09,184,172,99,138,174,118,147.5
407,2015-02-10,199,201,146,168,199,198,185.1666667
408,2015-02-11,101,185,158,203,156,136,156.5
409,2015-02-12,91,119,222,167,119,80,133
410,2015-02-13,204,169,131,160,170,72,151
411,2015-02-14,315,266,137,158,219,184,213.1666667
412,2015-02-15,342,218,142,144,338,169,225.5
413,2015-02-16,166,207,179,204,279,185,203.3333333
414,2015-02-17,75,121,188,197,150,109,140
415,2015-02-18,93,164,143,136,169,70,129.1666667
416,2015-02-19,249,196,76,157,485,141,217.3333333
417,2015-02-20,197,165,68,91,161,121,133.8333333
418,2015-02-21,209,216,131,117,150,120,157.1666667
419,2015-02-22,106,134,186,130,249,172,162.8333333
420,2015-02-23,113,138,138,140,103,131,127.1666667
421,2015-02-24,223,188,127,135,175,110,159.6666667
422,2015-02-25,112,157,83,182,170,145,141.5
423,2015-02-26,56,116,127,160,93,60,102
424,2015-02-27,77,87,80,90,135,64,88.83333333
425,2015-02-28,205,139,68,110,174,84,130
426,2015-03-01,104,156,152,167,137,124,140
427,2015-03-02,126,166,177,178,174,158,163.1666667
428,2015-03-03,31,70,158,151,88,80,96.33333333
429,2015-03-04,69,73,78,77,93,51,73.5
430,2015-03-05,179,145,71,89,167,100,125.1666667
431,2015-03-06,251,184,91,112,159,108,150.8333333
432,2015-03-07,282,187,102,152,204,167,182.3333333
433,2015-03-08,166,208,88,97,148,163,145
434,2015-03-09,31,72,109,116,78,48,75.66666667
435,2015-03-10,79,117,78,104,100,70,91.33333333
436,2015-03-11,107,121,123,153,127,90,120.1666667
437,2015-03-12,156,162,155,144,120,97,139
438,2015-03-13,127,151,167,182,137,116,146.6666667
439,2015-03-14,174,157,174,122,174,136,156.1666667
440,2015-03-15,186,174,139,126,158,151,155.6666667
441,2015-03-16,262,233,94,106,177,160,172
442,2015-03-17,262,194,102,112,146,156,162
443,2015-03-18,117,149,130,162,169,109,139.3333333
444,2015-03-19,169,201,155,160,177,165,171.1666667
445,2015-03-20,115,186,151,201,198,221,178.6666667
446,2015-03-21,65,116,167,201,161,191,150.1666667
447,2015-03-22,69,111,132,128,109,74,103.8333333
448,2015-03-23,101,129,79,99,127,84,103.1666667
449,2015-03-24,164,168,61,78,208,93,128.6666667
450,2015-03-25,185,174,70,113,196,126,144
451,2015-03-26,173,157,79,78,176,166,138.1666667
452,2015-03-27,174,156,89,79,183,148,138.1666667
453,2015-03-28,134,180,153,176,194,145,163.6666667
454,2015-03-29,165,188,163,180,240,164,183.3333333
455,2015-03-30,207,181,108,130,178,126,155
456,2015-03-31,196,168,135,112,155,139,150.8333333
457,2015-04-01,131,141,125,155,140,117,134.8333333
458,2015-04-02,110,138,98,114,149,67,112.6666667
459,2015-04-03,87,125,148,147,157,123,131.1666667
460,2015-04-04,137,178,126,147,144,118,141.6666667
461,2015-04-05,118,157,136,174,149,139,145.5
462,2015-04-06,72,87,64,153,85,59,86.66666667
463,2015-04-07,75,150,79,100,105,65,95.66666667
464,2015-04-08,171,181,91,113,162,99,136.1666667
465,2015-04-09,212,201,82,80,169,125,144.8333333
466,2015-04-10,231,250,120,123,175,146,174.1666667
467,2015-04-11,215,252,119,130,188,130,172.3333333
468,2015-04-12,62,100,135,142,158,118,119.1666667
469,2015-04-13,97,120,127,149,170,113,129.3333333
470,2015-04-14,150,194,148,173,168,165,166.3333333
471,2015-04-15,211,182,155,173,183,168,178.6666667
472,2015-04-16,95,109,152,121,111,62,108.3333333
473,2015-04-17,153,154,96,101,156,91,125.1666667
474,2015-04-18,197,185,142,92,182,74,145.3333333
475,2015-04-19,136,165,182,110,140,130,143.8333333
476,2015-04-20,150,171,122,142,143,118,141
477,2015-04-21,142,164,108,168,174,148,150.6666667
478,2015-04-22,130,150,155,157,160,66,136.3333333
479,2015-04-23,134,168,151,177,128,121,146.5
480,2015-04-24,144,148,138,160,114,59,127.1666667
481,2015-04-25,166,170,148,153,157,129,153.8333333
482,2015-04-26,180,177,130,198,179,146,168.3333333
483,2015-04-27,168,177,126,143,155,113,147
484,2015-04-28,126,155,157,123,127,83,128.5
485,2015-04-29,183,182,123,124,149,73,139
486,2015-04-30,177,191,150,136,141,93,148
487,2015-05-01,195,159,118,71,131,89,127.1666667
488,2015-05-02,119,124,128,74,157,47,108.1666667
489,2015-05-03,112,127,138,157,137,65,122.6666667
490,2015-05-04,66,69,145,123,72,44,86.5
491,2015-05-05,124,150,74,128,137,103,119.3333333
492,2015-05-06,71,139,109,150,111,100,113.3333333
493,2015-05-07,137,146,129,144,130,76,127
494,2015-05-08,118,178,91,146,90,102,120.8333333
495,2015-05-09,109,83,81,124,99,80,96
496,2015-05-10,117,98,105,97,124,66,101.1666667
497,2015-05-11,87,154,88,94,131,66,103.3333333
498,2015-05-12,66,120,128,115,75,88,98.66666667
499,2015-05-13,156,145,121,130,152,96,133.3333333
500,2015-05-14,74,105,129,151,109,107,112.5
501,2015-05-15,86,151,115,145,84,71,108.6666667
502,2015-05-16,127,150,122,150,115,106,128.3333333
503,2015-05-17,187,174,114,101,158,95,138.1666667
504,2015-05-18,123,136,126,124,115,87,118.5
505,2015-05-19,52,93,158,149,80,88,103.3333333
506,2015-05-20,54,90,121,93,85,39,80.33333333
507,2015-05-21,102,134,73,101,132,92,105.6666667
508,2015-05-22,143,154,91,64,140,115,117.8333333
509,2015-05-23,171,176,102,75,142,49,119.1666667
510,2015-05-24,185,176,107,80,142,81,128.5
511,2015-05-25,172,176,91,114,146,75,129
512,2015-05-26,165,173,86,80,157,116,129.5
513,2015-05-27,171,187,115,71,170,82,132.6666667
514,2015-05-28,180,178,99,79,88,95,119.8333333
515,2015-05-29,150,159,81,78,132,82,113.6666667
516,2015-05-30,153,160,103,101,84,80,113.5
517,2015-05-31,147,157,121,104,121,77,121.1666667
518,2015-06-01,174,168,134,118,134,64,132
519,2015-06-02,104,125,92,92,84,76,95.5
520,2015-06-03,101,111,63,103,94,78,91.66666667
521,2015-06-04,124,155,77,91,131,102,113.3333333
522,2015-06-05,123,154,136,102,101,96,118.6666667
523,2015-06-06,81,163,137,143,120,105,124.8333333
524,2015-06-07,59,132,79,94,116,97,96.16666667
525,2015-06-08,57,117,55,80,100,74,80.5
526,2015-06-09,135,155,119,91,112,95,117.8333333
527,2015-06-10,149,172,85,63,125,64,109.6666667
528,2015-06-11,71,125,128,105,72,49,91.66666667
529,2015-06-12,35,90,145,137,90,87,97.33333333
530,2015-06-13,47,110,138,165,134,98,115.3333333
531,2015-06-14,60,129,100,138,129,111,111.1666667
532,2015-06-15,161,162,106,149,138,70,131
533,2015-06-16,170,174,85,143,141,110,137.1666667
534,2015-06-17,107,190,66,143,132,123,126.8333333
535,2015-06-18,66,126,64,126,102,108,98.66666667
536,2015-06-19,61,105,114,171,94,92,106.1666667
537,2015-06-20,80,115,99,111,106,75,97.66666667
538,2015-06-21,115,147,116,124,141,75,119.6666667
539,2015-06-22,159,177,76,79,127,74,115.3333333
540,2015-06-23,219,206,128,63,105,80,133.5
541,2015-06-24,169,173,128,91,108,76,124.1666667
542,2015-06-25,169,179,114,63,123,70,119.6666667
543,2015-06-26,175,154,98,129,156,79,131.8333333
544,2015-06-27,135,150,51,105,159,75,112.5
545,2015-06-28,180,171,45,89,137,87,118.1666667
546,2015-06-29,148,151,99,66,92,51,101.1666667
547,2015-06-30,49,80,134,112,102,76,92.16666667
548,2015-07-01,62,106,97,156,66,62,91.5
549,2015-07-02,27,60,130,158,71,63,84.83333333
550,2015-07-03,78,86,155,159,95,54,104.5
551,2015-07-04,85,76,121,108,138,102,105
552,2015-07-05,146,128,77,96,107,87,106.8333333
553,2015-07-06,140,141,70,131,125,58,110.8333333
554,2015-07-07,145,128,64,124,130,54,107.5
555,2015-07-08,173,148,78,114,130,94,122.8333333
556,2015-07-09,146,123,83,98,149,62,110.1666667
557,2015-07-10,112,105,73,78,90,52,85
558,2015-07-11,166,168,27,71,104,67,100.5
559,2015-07-12,169,170,57,58,149,85,114.6666667
560,2015-07-13,118,134,143,157,94,85,121.8333333
561,2015-07-14,104,119,153,147,131,86,123.3333333
562,2015-07-15,98,147,81,123,70,105,104
563,2015-07-16,104,116,78,115,77,63,92.16666667
564,2015-07-17,96,88,91,80,79,50,80.66666667
565,2015-07-18,118,107,73,61,145,37,90.16666667
566,2015-07-19,152,143,62,77,101,51,97.66666667
567,2015-07-20,162,125,68,63,112,73,100.5
568,2015-07-21,181,149,102,72,115,94,118.8333333
569,2015-07-22,140,122,96,62,136,87,107.1666667
570,2015-07-23,112,136,93,70,120,64,99.16666667
571,2015-07-24,131,141,98,80,138,99,114.5
572,2015-07-25,161,124,121,121,129,67,120.5
573,2015-07-26,175,154,143,155,158,135,153.3333333
574,2015-07-27,138,153,119,143,262,138,158.8333333
575,2015-07-28,124,132,122,120,155,110,127.1666667
576,2015-07-29,165,158,118,124,153,143,143.5
577,2015-07-30,104,73,93,132,153,73,104.6666667
578,2015-07-31,71,68,104,113,146,102,100.6666667
579,2015-08-01,155,94,128,119,123,97,119.3333333
580,2015-08-02,151,125,121,148,101,134,130
581,2015-08-03,129,132,110,151,139,66,121.1666667
582,2015-08-04,57,53,109,145,93,78,89.16666667
583,2015-08-05,156,112,100,157,95,114,122.3333333
584,2015-08-06,113,130,69,103,70,71,92.66666667
585,2015-08-07,158,137,65,94,82,81,102.8333333
586,2015-08-08,112,123,45,67,88,99,89
587,2015-08-09,132,171,43,59,127,124,109.3333333
588,2015-08-10,109,178,55,68,82,115,101.1666667
589,2015-08-11,168,187,63,92,88,114,118.6666667
590,2015-08-12,162,160,84,117,73,97,115.5
591,2015-08-13,179,149,122,150,107,112,136.5
592,2015-08-14,123,128,97,153,132,189,137
593,2015-08-15,76,125,74,136,144,162,119.5
594,2015-08-16,100,141,89,142,161,166,133.1666667
595,2015-08-17,158,162,110,162,161,166,153.1666667
596,2015-08-18,120,146,119,142,165,152,140.6666667
597,2015-08-19,138,147,75,107,152,133,125.3333333
598,2015-08-20,94,163,98,87,115,139,116
599,2015-08-21,50,80,66,146,95,89,87.66666667
600,2015-08-22,50,118,68,130,80,50,82.66666667
601,2015-08-23,72,114,61,127,96,85,92.5
602,2015-08-24,52,97,72,118,94,103,89.33333333
603,2015-08-25,59,75,93,104,84,49,77.33333333
604,2015-08-26,42,94,114,95,54,52,75.16666667
605,2015-08-27,44,89,166,112,70,55,89.33333333
606,2015-08-28,57,103,162,132,78,84,102.6666667
607,2015-08-29,78,85,152,114,69,79,96.16666667
608,2015-08-30,84,85,139,114,88,66,96
609,2015-08-31,91,104,107,93,124,76,99.16666667
610,2015-09-01,42,75,114,65,106,64,77.66666667
611,2015-09-02,34,57,137,93,110,46,79.5
612,2015-09-03,48,82,150,105,107,65,92.83333333
613,2015-09-04,134,129,152,123,64,60,110.3333333
614,2015-09-05,68,70,104,84,51,62,73.16666667
615,2015-09-06,60,71,91,105,60,79,77.66666667
616,2015-09-07,79,103,50,93,126,77,88
617,2015-09-08,135,123,47,61,131,67,94
618,2015-09-09,108,119,42,66,112,47,82.33333333
619,2015-09-10,36,63,58,123,51,59,65
620,2015-09-11,37,59,71,79,72,74,65.33333333
621,2015-09-12,28,41,114,106,61,37,64.5
622,2015-09-13,60,98,88,74,84,49,75.5
623,2015-09-14,143,144,61,82,102,90,103.6666667
624,2015-09-15,172,168,67,70,133,111,120.1666667
625,2015-09-16,190,169,61,97,145,91,125.5
626,2015-09-17,194,160,76,113,143,82,128
627,2015-09-18,146,161,88,150,169,93,134.5
628,2015-09-19,56,130,63,169,91,104,102.1666667
629,2015-09-20,162,117,101,158,119,68,120.8333333
630,2015-09-21,159,106,97,116,112,61,108.5
631,2015-09-22,182,177,86,70,81,52,108
632,2015-09-23,78,165,89,87,110,62,98.5
633,2015-09-24,163,194,69,107,106,138,129.5
634,2015-09-25,53,85,79,142,155,95,101.5
635,2015-09-26,83,114,88,100,149,65,99.83333333
636,2015-09-27,123,133,81,93,111,60,100.1666667
637,2015-09-28,118,113,78,83,83,74,91.5
638,2015-09-29,119,93,35,58,145,49,83.16666667
639,2015-09-30,72,118,47,47,169,57,85
640,2015-10-01,40,78,83,111,81,43,72.66666667
641,2015-10-02,70,103,90,115,67,65,85
642,2015-10-03,69,78,99,169,63,48,87.66666667
643,2015-10-04,176,121,79,102,161,42,113.5
644,2015-10-05,242,244,73,109,157,115,156.6666667
645,2015-10-06,326,171,59,75,177,123,155.1666667
646,2015-10-07,286,164,58,57,156,83,134
647,2015-10-08,27,64,50,128,59,50,63
648,2015-10-09,62,88,145,89,88,44,86
649,2015-10-10,22,42,114,101,79,33,65.16666667
650,2015-10-11,31,60,105,88,62,26,62
651,2015-10-12,42,70,168,118,123,36,92.83333333
652,2015-10-13,91,109,173,130,127,57,114.5
653,2015-10-14,180,177,168,165,187,121,166.3333333
654,2015-10-15,181,167,84,173,178,164,157.8333333
655,2015-10-16,255,191,104,124,181,165,170
656,2015-10-17,354,211,86,125,169,148,182.1666667
657,2015-10-18,132,144,108,144,84,90,117
658,2015-10-19,123,96,106,157,174,123,129.8333333
659,2015-10-20,161,122,100,156,145,124,134.6666667
660,2015-10-21,132,98,109,148,175,135,132.8333333
661,2015-10-22,90,99,160,162,207,104,137
662,2015-10-23,123,114,119,159,178,141,139
663,2015-10-24,129,106,118,169,125,89,122.6666667
664,2015-10-25,89,66,117,99,309,108,131.3333333
665,2015-10-26,88,112,116,154,246,124,140
666,2015-10-27,52,84,154,129,84,63,94.33333333
667,2015-10-28,32,87,148,138,95,56,92.66666667
668,2015-10-29,37,60,109,101,98,53,76.33333333
669,2015-10-30,72,69,92,90,95,50,78
670,2015-10-31,110,155,73,105,158,65,111
671,2015-11-01,147,212,101,153,178,93,147.3333333
672,2015-11-02,164,202,180,163,222,155,181
673,2015-11-03,219,180,164,172,235,147,186.1666667
674,2015-11-04,256,185,102,93,167,109,152
675,2015-11-05,166,148,106,100,160,101,130.1666667
676,2015-11-06,61,60,73,65,232,203,115.6666667
677,2015-11-07,55,74,106,137,414,268,175.6666667
678,2015-11-08,127,154,163,185,728,432,298.1666667
679,2015-11-09,198,169,164,171,396,220,219.6666667
680,2015-11-10,192,173,133,163,261,188,185
681,2015-11-11,184,173,103,174,195,171,166.6666667
682,2015-11-12,217,183,145,172,233,161,185.1666667
683,2015-11-13,255,186,143,131,204,138,176.1666667
684,2015-11-14,308,203,186,146,180,103,187.6666667
685,2015-11-15,264,193,178,167,184,195,196.8333333
686,2015-11-16,140,87,151,158,169,168,145.5
687,2015-11-17,132,132,93,135,184,131,134.5
688,2015-11-18,143,95,84,120,184,164,131.6666667
689,2015-11-19,165,138,97,138,176,170,147.3333333
690,2015-11-20,150,101,118,152,157,159,139.5
691,2015-11-21,118,105,86,127,172,178,131
692,2015-11-22,128,105,90,80,179,161,123.8333333
693,2015-11-23,82,79,98,103,139,106,101.1666667
694,2015-11-24,86,98,78,77,130,73,90.33333333
695,2015-11-25,113,136,96,125,155,75,116.6666667
696,2015-11-26,74,100,146,117,117,52,101
697,2015-11-27,293,174,120,122,165,90,160.6666667
698,2015-11-28,352,196,151,170,218,176,210.5
699,2015-11-29,301,240,158,210,215,182,217.6666667
700,2015-11-30,421,326,183,249,188,161,254.6666667
701,2015-12-01,488,243,135,166,169,111,218.6666667
702,2015-12-02,29,178,154,191,113,115,130
703,2015-12-03,37,55,138,95,102,64,81.83333333
704,2015-12-04,61,96,127,128,118,64,99
705,2015-12-05,104,115,152,185,103,76,122.5
706,2015-12-06,215,134,173,148,183,98,158.5
707,2015-12-07,234,154,146,168,245,152,183.1666667
708,2015-12-08,317,206,95,154,234,171,196.1666667
709,2015-12-09,317,267,109,82,165,130,178.3333333
710,2015-12-10,158,210,112,151,164,126,153.5
711,2015-12-11,101,110,142,102,170,98,120.5
712,2015-12-12,215,159,132,151,254,186,182.8333333
713,2015-12-13,254,179,146,177,264,240,210
714,2015-12-14,199,240,205,175,291,207,219.5
715,2015-12-15,26,140,272,236,133,85,148.6666667
716,2015-12-16,30,59,148,93,98,41,78.16666667
717,2015-12-17,116,103,125,116,133,58,108.5
718,2015-12-18,144,156,137,159,150,130,146
719,2015-12-19,219,141,108,208,202,136,169
720,2015-12-20,279,197,118,202,143,145,180.6666667
721,2015-12-21,288,381,197,321,228,299,285.6666667
722,2015-12-22,375,370,167,294,317,245,294.6666667
723,2015-12-23,317,331,244,254,238,278,277
724,2015-12-24,157,305,138,410,126,123,209.8333333
725,2015-12-25,525,279,223,299,178,163,277.8333333
726,2015-12-26,316,189,176,267,136,141,204.1666667
727,2015-12-27,123,85,146,78,190,57,113.1666667
728,2015-12-28,180,184,110,137,199,147,159.5
729,2015-12-29,361,247,145,194,217,198,227
730,2015-12-30,157,192,155,245,232,195,196
731,2015-12-31,122,188,205,228,299,157,199.8333333
732,2016-01-01,NA,NA,NA,NA,NA,NA,202.9166667
733,2016-01-02,NA,NA,NA,NA,NA,NA,202.9166667
734,2016-01-03,221,NA,195,NA,167,241,206
735,2016-01-04,82,160,186,170,143,105,141
736,2016-01-05,79,101,90,135,119,99,103.8333333
737,2016-01-06,72,110,135,174,134,97,120.3333333
738,2016-01-07,43,77,163,161,148,69,110.1666667
739,2016-01-08,79,95,153,160,142,91,120
740,2016-01-09,142,257,181,211,196,136,187.1666667
741,2016-01-10,125,214,152,313,127,121,175.3333333
742,2016-01-11,47,78,130,112,139,83,98.16666667
743,2016-01-12,50,80,124,123,161,77,102.5
744,2016-01-13,64,163,186,166,134,78,131.8333333
745,2016-01-14,142,177,210,213,194,79,169.1666667
746,2016-01-15,184,246,195,338,207,158,221.3333333
747,2016-01-16,187,173,187,236,196,170,191.5
748,2016-01-17,87,132,164,209,153,133,146.3333333
749,2016-01-18,38,78,198,135,110,55,102.3333333
750,2016-01-19,132,105,168,96,128,44,112.1666667
751,2016-01-20,207,153,84,91,178,91,134
752,2016-01-21,198,151,71,139,204,119,147
753,2016-01-22,50,97,112,150,155,120,114
754,2016-01-23,47,58,122,84,100,47,76.33333333
755,2016-01-24,48,70,100,81,137,55,81.83333333
756,2016-01-25,69,113,112,132,191,101,119.6666667
757,2016-01-26,85,100,143,165,188,129,135
758,2016-01-27,181,167,117,173,165,125,154.6666667
759,2016-01-28,219,173,84,180,199,154,168.1666667
760,2016-01-29,148,83,85,158,147,118,123.1666667
761,2016-01-30,117,100,110,104,139,72,107
762,2016-01-31,53,77,150,127,151,94,108.6666667
763,2016-02-01,52,118,130,156,198,98,125.3333333
764,2016-02-02,80,90,166,167,180,133,136
765,2016-02-03,106,183,140,193,211,133,161
766,2016-02-04,58,83,103,243,119,103,118.1666667
767,2016-02-05,44,70,195,146,133,94,113.6666667
768,2016-02-06,76,86,145,126,171,77,113.5
769,2016-02-07,113,177,150,103,173,114,138.3333333
770,2016-02-08,221,238,168,NA,181,181,197.8
771,2016-02-09,114,133,161,9,136,113,111
772,2016-02-10,182,138,102,NA,127,92,128.2
773,2016-02-11,216,165,78,94,118,74,124.1666667
774,2016-02-12,206,209,85,127,152,111,148.3333333
775,2016-02-13,47,86,120,25,105,89,78.66666667
776,2016-02-14,32,60,110,25,77,53,59.5
777,2016-02-15,38,75,100,54,132,78,79.5
778,2016-02-16,40,106,108,65,123,71,85.5
779,2016-02-17,116,96,148,86,110,74,105
780,2016-02-18,55,100,150,122,126,132,114.1666667
781,2016-02-19,55,102,154,62,108,95,96
782,2016-02-20,49,80,150,95,99,70,90.5
783,2016-02-21,167,155,122,64,105,78,115.1666667
784,2016-02-22,128,194,116,134,143,144,143.1666667
785,2016-02-23,49,75,119,156,123,81,100.5
786,2016-02-24,79,118,108,83,152,94,105.6666667
787,2016-02-25,70,101,118,162,115,104,111.6666667
788,2016-02-26,91,97,158,177,168,93,130.6666667
789,2016-02-27,71,136,144,170,155,126,133.6666667
790,2016-02-28,93,116,136,144,160,126,129.1666667
791,2016-02-29,96,92,137,54,106,50,89.16666667
792,2016-03-01,188,174,106,82,159,103,135.3333333
793,2016-03-02,232,234,153,148,170,196,188.8333333
794,2016-03-03,345,276,154,199,179,178,221.8333333
795,2016-03-04,374,224,88,107,193,85,178.5
796,2016-03-05,150,189,149,130,184,122,154
797,2016-03-06,156,195,171,144,187,149,167
798,2016-03-07,81,127,163,110,131,104,119.3333333
799,2016-03-08,45,74,64,100,80,64,71.16666667
800,2016-03-09,41,85,72,39,73,54,60.66666667
801,2016-03-10,44,89,78,72,81,72,72.66666667
802,2016-03-11,66,119,131,91,127,88,103.6666667
803,2016-03-12,176,169,164,165,152,142,161.3333333
804,2016-03-13,68,148,144,123,113,142,123
805,2016-03-14,154,172,146,135,166,109,147
806,2016-03-15,194,186,112,116,188,127,153.8333333
807,2016-03-16,284,240,117,53,191,111,166
808,2016-03-17,298,202,111,67,133,132,157.1666667
809,2016-03-18,238,236,164,76,140,126,163.3333333
810,2016-03-19,147,129,114,141,142,113,131
811,2016-03-20,139,135,139,123,186,132,142.3333333
812,2016-03-21,189,156,141,132,210,141,161.5
813,2016-03-22,185,180,115,141,136,109,144.3333333
814,2016-03-23,64,105,106,65,121,73,89
815,2016-03-24,47,102,79,63,134,82,84.5
816,2016-03-25,70,134,104,79,167,77,105.1666667
817,2016-03-26,45,116,134,95,184,109,113.8333333
818,2016-03-27,40,124,173,66,192,129,120.6666667
819,2016-03-28,159,157,166,127,144,155,151.3333333
820,2016-03-29,57,93,152,104,97,93,99.33333333
821,2016-03-30,68,156,157,114,119,90,117.3333333
822,2016-03-31,203,186,133,156,166,114,159.6666667
823,2016-04-01,106,139,167,163,148,172,149.1666667
824,2016-04-02,26,74,145,111,91,97,90.66666667
825,2016-04-03,44,99,140,64,81,61,81.5
826,2016-04-04,148,165,88,78,102,104,114.1666667
827,2016-04-05,179,184,80,67,103,156,128.1666667
828,2016-04-06,183,207,98,30,147,117,130.3333333
829,2016-04-07,160,160,140,95,101,111,127.8333333
830,2016-04-08,68,79,121,166,134,90,109.6666667
831,2016-04-09,156,175,115,170,100,123,139.8333333
832,2016-04-10,137,131,154,148,93,90,125.5
833,2016-04-11,144,120,120,33,130,89,106
834,2016-04-12,155,177,128,45,137,104,124.3333333
835,2016-04-13,191,299,163,89,174,171,181.1666667
836,2016-04-14,92,128,181,142,183,122,141.3333333
837,2016-04-15,148,162,145,107,146,100,134.6666667
838,2016-04-16,79,137,92,57,145,91,100.1666667
839,2016-04-17,50,80,132,80,118,67,87.83333333
840,2016-04-18,53,84,83,99,139,80,89.66666667
841,2016-04-19,140,146,87,62,120,75,105
842,2016-04-20,145,165,77,55,106,81,104.8333333
843,2016-04-21,173,170,115,134,132,99,137.1666667
844,2016-04-22,89,109,166,164,111,156,132.5
845,2016-04-23,81,100,116,160,86,121,110.6666667
846,2016-04-24,152,141,126,154,118,123,135.6666667
847,2016-04-25,160,171,122,124,120,157,142.3333333
848,2016-04-26,160,159,117,95,126,170,137.8333333
849,2016-04-27,166,161,128,143,122,136,142.6666667
850,2016-04-28,161,150,170,115,90,87,128.8333333
851,2016-04-29,171,165,183,88,133,75,135.8333333
852,2016-04-30,210,156,146,145,161,155,162.1666667
853,2016-05-01,213,159,132,152,165,173,165.6666667
854,2016-05-02,144,119,105,78,144,113,117.1666667
855,2016-05-03,94,84,101,42,62,36,69.83333333
856,2016-05-04,78,91,125,67,70,43,79
857,2016-05-05,116,130,104,90,104,87,105.1666667
858,2016-05-06,112,131,141,124,123,111,123.6666667
859,2016-05-07,49,117,150,92,81,45,89
860,2016-05-08,153,132,90,54,111,65,100.8333333
861,2016-05-09,105,137,128,58,133,74,105.8333333
862,2016-05-10,117,133,83,103,151,117,117.3333333
863,2016-05-11,183,175,162,161,144,127,158.6666667
864,2016-05-12,72,115,135,127,125,122,116
865,2016-05-13,109,126,157,52,111,67,103.6666667
866,2016-05-14,110,150,103,58,92,81,99
867,2016-05-15,94,126,94,64,113,64,92.5
868,2016-05-16,80,123,116,60,143,68,98.33333333
869,2016-05-17,143,142,86,111,119,101,117
870,2016-05-18,146,152,99,76,139,94,117.6666667
871,2016-05-19,161,165,124,88,129,55,120.3333333
872,2016-05-20,163,153,86,80,108,61,108.5
873,2016-05-21,153,165,60,84,129,63,109
874,2016-05-22,136,149,124,92,78,115,115.6666667
875,2016-05-23,141,153,154,86,131,121,131
876,2016-05-24,81,133,167,128,154,104,127.8333333
877,2016-05-25,64,96,154,146,121,86,111.1666667
878,2016-05-26,109,103,159,72,110,67,103.3333333
879,2016-05-27,141,142,97,114,94,108,116
880,2016-05-28,119,138,87,110,103,152,118.1666667
881,2016-05-29,117,163,116,74,84,138,115.3333333
882,2016-05-30,159,171,139,119,110,116,135.6666667
883,2016-05-31,156,103,147,106,68,91,111.8333333
884,2016-06-01,127,94,73,57,123,57,88.5
885,2016-06-02,139,94,111,63,119,66,98.66666667
886,2016-06-03,160,103,65,59,114,82,97.16666667
887,2016-06-04,164,174,103,30,133,57,110.1666667
888,2016-06-05,149,146,88,39,107,53,97
889,2016-06-06,160,155,106,60,101,62,107.3333333
890,2016-06-07,137,136,110,68,67,78,99.33333333
891,2016-06-08,188,103,96,78,121,113,116.5
892,2016-06-09,176,166,88,68,139,128,127.5
893,2016-06-10,124,154,87,54,98,75,98.66666667
894,2016-06-11,42,45,113,76,90,83,74.83333333
895,2016-06-12,141,105,73,74,122,77,98.66666667
896,2016-06-13,124,95,86,56,128,66,92.5
897,2016-06-14,106,144,100,67,127,70,102.3333333
898,2016-06-15,55,76,134,69,109,72,85.83333333
899,2016-06-16,81,114,166,80,146,107,115.6666667
900,2016-06-17,83,125,141,103,160,106,119.6666667
901,2016-06-18,112,71,80,83,146,130,103.6666667
902,2016-06-19,144,146,71,57,115,90,103.8333333
903,2016-06-20,172,122,58,57,143,91,107.1666667
904,2016-06-21,180,154,110,50,151,103,124.6666667
905,2016-06-22,112,100,99,39,127,51,88
906,2016-06-23,144,117,123,23,112,57,96
907,2016-06-24,50,66,113,51,67,65,68.66666667
908,2016-06-25,48,45,103,81,56,50,63.83333333
909,2016-06-26,103,96,93,104,121,85,100.3333333
910,2016-06-27,136,103,81,127,127,149,120.5
911,2016-06-28,150,101,122,39,150,105,111.1666667
912,2016-06-29,175,151,75,71,122,61,109.1666667
913,2016-06-30,129,150,81,115,118,74,111.1666667
914,2016-07-01,46,115,81,52,110,65,78.16666667
915,2016-07-02,106,90,62,89,75,93,85.83333333
916,2016-07-03,152,103,103,104,117,85,110.6666667
917,2016-07-04,195,136,99,74,148,80,122
918,2016-07-05,163,158,70,80,165,46,113.6666667
919,2016-07-06,141,134,64,54,111,40,90.66666667
920,2016-07-07,169,148,46,27,134,35,93.16666667
921,2016-07-08,159,109,43,24,127,57,86.5
922,2016-07-09,147,131,40,41,156,64,96.5
923,2016-07-10,144,142,61,33,142,68,98.33333333
924,2016-07-11,154,158,66,36,124,56,99
925,2016-07-12,85,137,116,38,105,51,88.66666667
926,2016-07-13,58,97,129,46,73,85,81.33333333
927,2016-07-14,92,120,115,58,74,82,90.16666667
928,2016-07-15,102,108,124,49,84,83,91.66666667
929,2016-07-16,101,130,133,90,161,28,107.1666667
930,2016-07-17,153,125,147,114,146,51,122.6666667
931,2016-07-18,168,82,88,101,138,95,112
932,2016-07-19,176,164,89,59,125,100,118.8333333
933,2016-07-20,95,71,98,59,122,60,84.16666667
934,2016-07-21,59,123,112,72,104,64,89
935,2016-07-22,147,151,115,67,67,118,110.8333333
936,2016-07-23,168,153,105,84,103,102,119.1666667
937,2016-07-24,129,131,113,123,129,110,122.5
938,2016-07-25,103,141,71,77,127,108,104.5
939,2016-07-26,46,76,99,72,71,83,74.5
940,2016-07-27,122,116,120,109,134,107,118
941,2016-07-28,101,119,145,128,165,129,131.1666667
942,2016-07-29,170,151,153,86,144,111,135.8333333
943,2016-07-30,194,150,106,115,144,74,130.5
944,2016-07-31,129,93,52,55,113,63,84.16666667
945,2016-08-01,137,116,47,44,117,64,87.5
946,2016-08-02,112,108,62,57,139,61,89.83333333
947,2016-08-03,124,126,63,48,138,50,91.5
948,2016-08-04,162,87,84,48,161,69,101.8333333
949,2016-08-05,131,103,70,55,119,70,91.33333333
950,2016-08-06,164,134,59,37,99,72,94.16666667
951,2016-08-07,62,101,44,50,68,69,65.66666667
952,2016-08-08,87,66,43,26,51,61,55.66666667
953,2016-08-09,111,131,45,28,102,86,83.83333333
954,2016-08-10,152,168,44,57,136,77,105.6666667
955,2016-08-11,154,148,60,57,110,75,100.6666667
956,2016-08-12,115,122,50,55,129,90,93.5
957,2016-08-13,66,98,52,53,145,92,84.33333333
958,2016-08-14,55,91,70,59,99,124,83
959,2016-08-15,70,107,58,79,68,51,72.16666667
960,2016-08-16,69,84,64,57,93,74,73.5
961,2016-08-17,137,114,67,73,118,90,99.83333333
962,2016-08-18,156,163,60,55,127,54,102.5
963,2016-08-19,57,88,66,55,74,70,68.33333333
964,2016-08-20,117,93,81,60,68,73,82
965,2016-08-21,126,134,76,62,83,69,91.66666667
966,2016-08-22,107,93,68,72,54,68,77
967,2016-08-23,130,104,70,67,105,61,89.5
968,2016-08-24,154,137,67,77,110,66,101.8333333
969,2016-08-25,35,74,80,60,53,78,63.33333333
970,2016-08-26,32,55,65,32,88,50,53.66666667
971,2016-08-27,43,66,64,54,96,63,64.33333333
972,2016-08-28,36,51,83,69,85,59,63.83333333
973,2016-08-29,48,76,85,63,59,58,64.83333333
974,2016-08-30,85,102,98,44,40,38,67.83333333
975,2016-08-31,53,92,113,68,21,29,62.66666667
976,2016-09-01,23,43,149,108,51,43,69.5
977,2016-09-02,40,72,155,54,76,68,77.5
978,2016-09-03,59,76,139,80,98,89,90.16666667
979,2016-09-04,143,82,104,91,108,71,99.83333333
980,2016-09-05,72,63,87,146,128,97,98.83333333
981,2016-09-06,70,103,112,129,127,131,112
982,2016-09-07,109,66,109,98,117,92,98.5
983,2016-09-08,60,56,153,106,119,91,97.5
984,2016-09-09,52,89,140,136,136,118,111.8333333
985,2016-09-10,46,151,140,91,98,97,103.8333333
986,2016-09-11,88,89,132,90,112,72,97.16666667
987,2016-09-12,89,96,95,84,140,90,99
988,2016-09-13,163,146,81,127,163,97,129.5
989,2016-09-14,165,166,55,144,155,100,130.8333333
990,2016-09-15,155,181,34,94,151,156,128.5
991,2016-09-16,180,187,27,62,98,133,114.5
992,2016-09-17,99,93,36,90,40,94,75.33333333
993,2016-09-18,56,67,78,47,43,53,57.33333333
994,2016-09-19,37,52,45,49,78,68,54.83333333
995,2016-09-20,61,71,60,60,127,68,74.5
996,2016-09-21,151,102,37,79,123,68,93.33333333
997,2016-09-22,171,141,51,61,107,85,102.6666667
998,2016-09-23,187,158,71,51,125,88,113.3333333
999,2016-09-24,165,164,88,44,105,72,106.3333333
1000,2016-09-25,217,165,85,46,112,93,119.6666667
1001,2016-09-26,136,162,62,50,161,82,108.8333333
1002,2016-09-27,65,116,44,65,81,85,76
1003,2016-09-28,45,65,33,40,63,56,50.33333333
1004,2016-09-29,130,124,30,58,134,63,89.83333333
1005,2016-09-30,169,152,90,89,163,84,124.5
1006,2016-10-01,202,174,118,48,143,101,131
1007,2016-10-02,219,161,46,27,148,80,113.5
1008,2016-10-03,176,176,60,68,98,80,109.6666667
1009,2016-10-04,89,92,44,77,81,67,75
1010,2016-10-05,141,103,84,88,88,74,96.33333333
1011,2016-10-06,153,83,68,54,114,84,92.66666667
1012,2016-10-07,115,103,63,47,142,95,94.16666667
1013,2016-10-08,44,66,50,66,64,53,57.16666667
1014,2016-10-09,98,98,57,54,81,53,73.5
1015,2016-10-10,167,159,55,70,133,80,110.6666667
1016,2016-10-11,181,147,49,87,87,104,109.1666667
1017,2016-10-12,157,109,83,115,156,52,112
1018,2016-10-13,217,228,68,89,162,132,149.3333333
1019,2016-10-14,286,125,78,130,157,93,144.8333333
1020,2016-10-15,243,167,55,79,138,126,134.6666667
1021,2016-10-16,181,139,98,57,170,92,122.8333333
1022,2016-10-17,139,148,85,147,49,75,107.1666667
1023,2016-10-18,176,174,56,140,153,55,125.6666667
1024,2016-10-19,270,227,81,105,160,134,162.8333333
1025,2016-10-20,164,114,78,81,120,143,116.6666667
1026,2016-10-21,125,111,36,62,234,111,113.1666667
1027,2016-10-22,48,102,34,83,123,115,84.16666667
1028,2016-10-23,83,99,58,68,99,101,84.66666667
1029,2016-10-24,150,173,63,84,166,84,120
1030,2016-10-25,178,184,97,91,172,97,136.5
1031,2016-10-26,93,114,79,143,71,76,96
1032,2016-10-27,96,101,56,54,170,79,92.66666667
1033,2016-10-28,41,48,82,53,110,59,65.5
1034,2016-10-29,79,78,71,63,105,42,73
1035,2016-10-30,110,140,57,77,128,66,96.33333333
1036,2016-10-31,35,42,70,55,68,42,52
1037,2016-11-01,111,146,67,81,147,52,100.6666667
1038,2016-11-02,184,177,92,109,133,118,135.5
1039,2016-11-03,254,228,154,152,156,153,182.8333333
1040,2016-11-04,298,236,157,124,191,165,195.1666667
1041,2016-11-05,229,190,158,139,292,222,205
1042,2016-11-06,148,114,144,171,184,175,156
1043,2016-11-07,94,106,99,141,275,152,144.5
1044,2016-11-08,102,98,68,69,127,89,92.16666667
1045,2016-11-09,231,178,64,74,158,49,125.6666667
1046,2016-11-10,198,196,109,78,108,85,129
1047,2016-11-11,153,218,137,137,141,123,151.5
1048,2016-11-12,155,141,113,131,145,131,136
1049,2016-11-13,172,182,144,139,162,130,154.8333333
1050,2016-11-14,86,150,169,151,117,127,133.3333333
1051,2016-11-15,107,100,115,78,97,59,92.66666667
1052,2016-11-16,182,205,64,58,171,88,128
1053,2016-11-17,189,163,75,84,256,111,146.3333333
1054,2016-11-18,244,220,141,105,162,106,163
1055,2016-11-19,183,194,180,155,116,82,151.6666667
1056,2016-11-20,131,104,122,67,107,83,102.3333333
1057,2016-11-21,44,53,94,55,78,68,65.33333333
1058,2016-11-22,36,33,57,42,69,42,46.5
1059,2016-11-23,50,109,85,81,120,58,83.83333333
1060,2016-11-24,136,194,146,117,155,61,134.8333333
1061,2016-11-25,234,223,139,125,159,135,169.1666667
1062,2016-11-26,332,258,106,121,184,151,192
1063,2016-11-27,144,83,178,145,148,124,137
1064,2016-11-28,151,155,139,86,155,81,127.8333333
1065,2016-11-29,173,198,80,145,142,92,138.3333333
1066,2016-11-30,142,332,127,106,141,163,168.5
1067,2016-12-01,66,79,178,99,82,50,92.33333333
1068,2016-12-02,172,190,98,115,138,95,134.6666667
1069,2016-12-03,292,314,87,160,183,192,204.6666667
1070,2016-12-04,327,374,153,173,163,189,229.8333333
1071,2016-12-05,94,88,185,169,70,58,110.6666667
1072,2016-12-06,164,179,120,93,150,74,130
1073,2016-12-07,201,230,176,162,168,114,175.1666667
1074,2016-12-08,136,161,187,174,162,125,157.5
1075,2016-12-09,69,69,161,78,123,55,92.5
1076,2016-12-10,120,173,72,89,192,89,122.5
1077,2016-12-11,259,234,67,91,170,119,156.6666667
1078,2016-12-12,271,300,100,70,153,88,163.6666667
1079,2016-12-13,87,155,110,92,121,57,103.6666667
1080,2016-12-14,72,108,78,50,166,61,89.16666667
1081,2016-12-15,85,117,152,116,245,83,133
1082,2016-12-16,182,184,206,97,150,118,156.1666667
1083,2016-12-17,279,240,186,163,185,175,204.6666667
1084,2016-12-18,293,335,109,186,237,194,225.6666667
1085,2016-12-19,271,350,155,254,269,221,253.3333333
1086,2016-12-20,407,332,127,238,236,198,256.3333333
1087,2016-12-21,418,313,102,201,222,230,247.6666667
1088,2016-12-22,131,197,167,167,104,101,144.5
1089,2016-12-23,83,69,209,137,75,44,102.8333333
1090,2016-12-24,194,154,89,65,226,76,134
1091,2016-12-25,214,194,73,119,136,48,130.6666667
1092,2016-12-26,114,180,71,124,84,96,111.5
1093,2016-12-27,85,144,105,70,128,51,97.16666667
1094,2016-12-28,122,143,122,146,120,98,125.1666667
1095,2016-12-29,104,99,151,168,75,55,108.6666667
1096,2016-12-30,318,233,133,153,167,135,189.8333333
1097,2016-12-31,379,325,126,172,193,187,230.3333333
1098,2017-01-01,486,NA,114,208,NA,251,264.75
1099,2017-01-02,273,363,150,245,94,185,218.3333333
1100,2017-01-03,383,335,178,217,180,174,244.5
1101,2017-01-04,437,313,147,310,174,179,260
1102,2017-01-05,281,181,96,159,156,144,169.5
1103,2017-01-06,285,172,81,119,177,133,161.1666667
1104,2017-01-07,244,231,67,116,261,148,177.8333333
1105,2017-01-08,77,200,162,124,253,147,160.5
1106,2017-01-09,77,92,159,175,70,59,105.3333333
1107,2017-01-10,71,104,168,126,78,59,101
1108,2017-01-11,149,199,104,115,117,90,129
1109,2017-01-12,104,233,144,202,88,115,147.6666667
1110,2017-01-13,38,68,177,145,60,65,92.16666667
1111,2017-01-14,61,60,88,77,70,63,69.83333333
1112,2017-01-15,124,79,63,79,170,77,98.66666667
1113,2017-01-16,174,145,77,135,194,100,137.5
1114,2017-01-17,203,185,127,141,200,161,169.5
1115,2017-01-18,114,183,116,176,164,176,154.8333333
1116,2017-01-19,108,130,168,176,173,121,146
1117,2017-01-20,64,70,138,53,87,53,77.5
1118,2017-01-21,80,97,115,96,112,89,98.16666667
1119,2017-01-22,83,83,131,57,119,55,88
1120,2017-01-23,99,142,88,71,164,78,107
1121,2017-01-24,171,164,97,133,202,79,141
1122,2017-01-25,244,257,153,144,194,139,188.5
1123,2017-01-26,244,289,147,157,135,155,187.8333333
1124,2017-01-27,102,106,117,108,84,39,92.66666667
1125,2017-01-28,415,267,97,18,134,79,168.3333333
1126,2017-01-29,100,139,133,59,105,94,105
1127,2017-01-30,73,54,92,32,83,46,63.33333333
1128,2017-01-31,163,156,63,72,143,84,113.5
1129,2017-02-01,66,102,96,105,67,75,85.16666667
1130,2017-02-02,168,164,81,63,160,111,124.5
1131,2017-02-03,235,218,67,145,194,200,176.5
1132,2017-02-04,341,239,134,125,215,183,206.1666667
1133,2017-02-05,45,122,186,196,144,156,141.5
1134,2017-02-06,39,70,132,123,66,79,84.83333333
1135,2017-02-07,153,127,63,99,182,111,122.5
1136,2017-02-08,88,113,70,90,91,90,90.33333333
1137,2017-02-09,33,60,160,61,66,58,73
1138,2017-02-10,37,60,125,57,81,60,70
1139,2017-02-11,84,132,127,96,128,76,107.1666667
1140,2017-02-12,213,235,156,117,210,102,172.1666667
1141,2017-02-13,168,280,152,169,176,130,179.1666667
1142,2017-02-14,236,182,157,151,184,146,176
1143,2017-02-15,289,293,157,129,167,154,198.1666667
1144,2017-02-16,164,260,122,173,99,137,159.1666667
1145,2017-02-17,65,88,125,59,88,51,79.33333333
1146,2017-02-18,169,175,71,95,130,102,123.6666667
1147,2017-02-19,156,190,114,125,130,134,141.5
1148,2017-02-20,39,64,117,82,81,65,74.66666667
1149,2017-02-21,143,152,84,58,157,78,112
1150,2017-02-22,141,207,134,119,126,111,139.6666667
1151,2017-02-23,61,86,158,136,62,47,91.66666667
1152,2017-02-24,78,149,132,113,138,84,115.6666667
1153,2017-02-25,43,108,164,160,107,93,112.5
1154,2017-02-26,80,142,186,72,131,81,115.3333333
1155,2017-02-27,158,180,127,106,130,120,136.8333333
1156,2017-02-28,54,133,122,165,155,180,134.8333333
1157,2017-03-01,47,106,137,116,37,104,91.16666667
1158,2017-03-02,110,103,132,68,118,74,100.8333333
1159,2017-03-03,170,162,142,146,130,154,150.6666667
1160,2017-03-04,165,178,151,152,134,161,156.8333333
1161,2017-03-05,57,135,159,152,101,100,117.3333333
1162,2017-03-06,65,95,95,75,75,66,78.5
1163,2017-03-07,40,59,110,94,84,50,72.83333333
1164,2017-03-08,48,90,128,77,93,66,83.66666667
1165,2017-03-09,46,102,164,102,91,81,97.66666667
1166,2017-03-10,88,167,154,138,177,138,143.6666667
1167,2017-03-11,114,183,150,158,207,172,164
1168,2017-03-12,47,NA,101,123,85,87,88.6
1169,2017-03-13,33,82,105,54,111,75,76.66666667
1170,2017-03-14,58,141,97,72,148,89,100.8333333
1171,2017-03-15,150,152,103,94,227,118,140.6666667
1172,2017-03-16,185,166,86,123,179,142,146.8333333
1173,2017-03-17,182,190,112,105,213,165,161.1666667
1174,2017-03-18,198,268,103,88,193,158,168
1175,2017-03-19,258,271,119,118,154,170,181.6666667
1176,2017-03-20,196,171,128,131,100,137,143.8333333
1177,2017-03-21,166,163,149,89,97,67,121.8333333
1178,2017-03-22,192,189,75,74,112,116,126.3333333
1179,2017-03-23,191,180,84,65,152,109,130.1666667
1180,2017-03-24,156,148,128,70,171,129,133.6666667
1181,2017-03-25,100,170,159,112,168,140,141.5
1182,2017-03-26,46,95,158,132,187,176,132.3333333
1183,2017-03-27,50,87,148,78,191,124,113
1184,2017-03-28,141,140,119,76,143,137,126
1185,2017-03-29,182,170,154,95,153,131,147.5
1186,2017-03-30,159,169,136,95,150,153,143.6666667
1187,2017-03-31,69,133,108,118,160,116,117.3333333
1188,2017-04-01,80,161,156,143,123,145,134.6666667
1189,2017-04-02,151,175,166,120,140,127,146.5
1190,2017-04-03,198,212,147,135,154,144,165
1191,2017-04-04,187,183,137,117,155,165,157.3333333
1192,2017-04-05,138,162,115,74,119,70,113
1193,2017-04-06,172,181,160,135,139,106,148.8333333
1194,2017-04-07,161,160,129,70,166,155,140.1666667
1195,2017-04-08,150,150,156,107,83,88,122.3333333
1196,2017-04-09,154,138,110,84,78,64,104.6666667
1197,2017-04-10,148,153,94,72,144,102,118.8333333
1198,2017-04-11,95,144,139,58,67,90,98.83333333
1199,2017-04-12,106,149,114,58,52,72,91.83333333
1200,2017-04-13,131,152,72,121,121,149,124.3333333
1201,2017-04-14,154,158,91,80,158,126,127.8333333
1202,2017-04-15,112,162,120,136,168,150,141.3333333
1203,2017-04-16,145,178,132,122,114,143,139
1204,2017-04-17,180,175,145,100,131,85,136
1205,2017-04-18,75,99,130,89,82,71,91
1206,2017-04-19,116,148,106,55,99,63,97.83333333
1207,2017-04-20,122,146,127,71,134,111,118.5
1208,2017-04-21,61,119,145,73,125,137,110
1209,2017-04-22,116,149,109,89,110,110,113.8333333
1210,2017-04-23,76,131,112,100,77,111,101.1666667
1211,2017-04-24,118,159,119,93,114,119,120.3333333
1212,2017-04-25,49,82,125,133,73,82,90.66666667
1213,2017-04-26,50,102,85,90,98,46,78.5
1214,2017-04-27,55,111,90,54,111,45,77.66666667
1215,2017-04-28,70,120,125,67,111,59,92
1216,2017-04-29,105,135,140,130,136,121,127.8333333
1217,2017-04-30,152,152,121,120,124,110,129.8333333
1218,2017-05-01,115,121,96,94,127,63,102.6666667
1219,2017-05-02,136,146,70,91,121,82,107.6666667
1220,2017-05-03,131,137,65,59,146,65,100.5
1221,2017-05-04,382,280,76,62,129,88,169.5
1222,2017-05-05,275,264,124,97,153,104,169.5
1223,2017-05-06,101,117,143,88,148,64,110.1666667
1224,2017-05-07,101,138,147,170,148,114,136.3333333
1225,2017-05-08,146,169,92,132,153,180,145.3333333
1226,2017-05-09,112,132,120,31,146,68,101.5
1227,2017-05-10,108,132,139,64,100,74,102.8333333
1228,2017-05-11,103,160,131,144,123,117,129.6666667
1229,2017-05-12,106,158,93,144,128,149,129.6666667
1230,2017-05-13,75,119,122,101,78,90,97.5
1231,2017-05-14,46,92,140,85,71,44,79.66666667
1232,2017-05-15,74,101,80,61,67,48,71.83333333
1233,2017-05-16,103,114,57,93,104,58,88.16666667
1234,2017-05-17,128,138,71,96,126,115,112.3333333
1235,2017-05-18,160,149,76,98,142,105,121.6666667
1236,2017-05-19,146,146,85,71,148,89,114.1666667
1237,2017-05-20,133,152,72,58,112,67,99
1238,2017-05-21,141,141,64,69,99,73,97.83333333
1239,2017-05-22,109,117,54,55,69,91,82.5
1240,2017-05-23,52,104,70,48,70,60,67.33333333
1241,2017-05-24,58,123,64,69,99,100,85.5
1242,2017-05-25,74,96,96,90,42,56,75.66666667
1243,2017-05-26,112,94,110,59,75,47,82.83333333
1244,2017-05-27,143,146,80,89,97,61,102.6666667
1245,2017-05-28,172,168,87,99,110,102,123
1246,2017-05-29,89,124,65,129,125,87,103.1666667
1247,2017-05-30,106,133,69,75,120,80,97.16666667
1248,2017-05-31,141,156,118,77,116,79,114.5
1249,2017-06-01,76,124,157,79,78,58,95.33333333
1250,2017-06-02,75,87,105,51,64,48,71.66666667
1251,2017-06-03,89,97,62,25,59,39,61.83333333
1252,2017-06-04,122,116,56,41,89,47,78.5
1253,2017-06-05,146,134,58,44,102,70,92.33333333
1254,2017-06-06,119,116,82,23,109,62,85.16666667
1255,2017-06-07,110,133,128,75,123,104,112.1666667
1256,2017-06-08,76,138,155,136,126,151,130.3333333
1257,2017-06-09,95,114,142,125,74,73,103.8333333
1258,2017-06-10,62,63,78,90,76,45,69
1259,2017-06-11,87,81,40,47,64,56,62.5
1260,2017-06-12,95,101,36,44,71,62,68.16666667
1261,2017-06-13,105,130,59,61,88,55,83
1262,2017-06-14,113,140,61,69,126,78,97.83333333
1263,2017-06-15,96,145,95,102,145,132,119.1666667
1264,2017-06-16,140,147,93,154,110,150,132.3333333
1265,2017-06-17,155,146,91,88,160,144,130.6666667
1266,2017-06-18,152,139,77,73,156,105,117
1267,2017-06-19,96,156,35,62,140,85,95.66666667
1268,2017-06-20,94,113,57,59,77,77,79.5
1269,2017-06-21,116,124,77,51,98,111,96.16666667
1270,2017-06-22,86,131,30,42,67,85,73.5
1271,2017-06-23,73,103,103,40,96,63,79.66666667
1272,2017-06-24,73,143,70,33,101,62,80.33333333
1273,2017-06-25,94,144,97,72,109,74,98.33333333
1274,2017-06-26,72,126,135,85,145,91,109
1275,2017-06-27,132,166,150,66,116,70,116.6666667
1276,2017-06-28,147,162,105,61,94,83,108.6666667
1277,2017-06-29,128,167,72,138,94,105,117.3333333
1278,2017-06-30,144,161,70,32,146,114,111.1666667
1279,2017-07-01,160,174,90,32,149,82,114.5
1280,2017-07-02,139,131,58,61,106,86,96.83333333
1281,2017-07-03,125,140,66,83,95,84,98.83333333
1282,2017-07-04,119,139,53,115,65,100,98.5
1283,2017-07-05,151,137,72,118,106,112,116
1284,2017-07-06,135,164,70,95,106,91,110.1666667
1285,2017-07-07,98,158,78,61,70,90,92.5
1286,2017-07-08,91,158,89,77,118,111,107.3333333
1287,2017-07-09,156,157,68,54,76,123,105.6666667
1288,2017-07-10,81,109,61,100,80,61,82
1289,2017-07-11,121,154,76,111,116,138,119.3333333
1290,2017-07-12,153,129,101,132,126,117,126.3333333
1291,2017-07-13,124,114,107,109,105,120,113.1666667
1292,2017-07-14,101,116,113,68,91,105,99
1293,2017-07-15,104,131,93,26,92,57,83.83333333
1294,2017-07-16,160,130,69,46,93,54,92
1295,2017-07-17,136,93,54,95,77,65,86.66666667
1296,2017-07-18,149,158,108,101,94,126,122.6666667
1297,2017-07-19,187,137,96,124,102,119,127.5
1298,2017-07-20,214,141,90,108,107,87,124.5
1299,2017-07-21,72,86,105,100,49,92,84
1300,2017-07-22,62,93,123,106,73,63,86.66666667
1301,2017-07-23,98,128,103,146,116,83,112.3333333
1302,2017-07-24,88,169,112,120,116,141,124.3333333
1303,2017-07-25,80,111,122,102,52,74,90.16666667
1304,2017-07-26,54,83,120,63,97,69,81
1305,2017-07-27,95,157,113,61,111,49,97.66666667
1306,2017-07-28,83,148,63,75,73,72,85.66666667
1307,2017-07-29,81,107,63,76,70,111,84.66666667
1308,2017-07-30,85,125,53,93,120,92,94.66666667
1309,2017-07-31,151,142,52,44,108,67,94
1310,2017-08-01,115,122,64,46,100,32,79.83333333
1311,2017-08-02,79,81,65,40,78,70,68.83333333
1312,2017-08-03,55,59,77,39,68,63,60.16666667
1313,2017-08-04,73,126,100,87,51,58,82.5
1314,2017-08-05,75,121,125,83,54,53,85.16666667
1315,2017-08-06,51,95,150,119,63,72,91.66666667
1316,2017-08-07,32,87,150,88,74,84,85.83333333
1317,2017-08-08,84,111,87,112,94,75,93.83333333
1318,2017-08-09,70,85,50,120,131,89,90.83333333
1319,2017-08-10,143,131,96,114,95,89,111.3333333
1320,2017-08-11,149,165,139,127,87,114,130.1666667
1321,2017-08-12,92,136,108,102,72,65,95.83333333
1322,2017-08-13,104,140,90,26,90,61,85.16666667
1323,2017-08-14,77,77,57,36,86,44,62.83333333
1324,2017-08-15,118,93,127,35,68,33,79
1325,2017-08-16,119,122,79,52,100,40,85.33333333
1326,2017-08-17,68,108,73,62,79,24,69
1327,2017-08-18,137,120,57,96,68,61,89.83333333
1328,2017-08-19,118,98,96,48,83,76,86.5
1329,2017-08-20,149,133,50,45,93,55,87.5
1330,2017-08-21,151,115,84,59,77,64,91.66666667
1331,2017-08-22,143,152,36,40,153,73,99.5
1332,2017-08-23,62,112,34,47,89,64,68
1333,2017-08-24,47,109,58,57,67,67,67.5
1334,2017-08-25,30,51,79,55,82,66,60.5
1335,2017-08-26,47,65,51,78,47,48,56
1336,2017-08-27,50,54,38,46,82,39,51.5
1337,2017-08-28,51,74,57,37,66,55,56.66666667
1338,2017-08-29,53,67,64,42,42,32,50
1339,2017-08-30,121,59,45,55,78,59,69.5
1340,2017-08-31,144,102,63,64,109,84,94.33333333
1341,2017-09-01,192,136,69,86,140,109,122
1342,2017-09-02,158,115,75,78,132,123,113.5
1343,2017-09-03,121,121,46,54,147,96,97.5
1344,2017-09-04,153,131,42,39,120,63,91.33333333
1345,2017-09-05,90,140,67,14,99,59,78.16666667
1346,2017-09-06,57,168,119,48,113,75,96.66666667
1347,2017-09-07,NA,NA,NA,NA,NA,NA,83.58333333
1348,2017-09-08,NA,NA,NA,NA,NA,NA,83.58333333
1349,2017-09-09,NA,NA,NA,NA,NA,NA,83.58333333
1350,2017-09-10,NA,NA,NA,NA,NA,NA,83.58333333
1351,2017-09-11,31,89,80,89,51,83,70.5
1352,2017-09-12,66,111,84,73,64,120,86.33333333
1353,2017-09-13,141,131,86,55,84,79,96
1354,2017-09-14,144,132,65,61,117,73,98.66666667
1355,2017-09-15,129,140,55,70,123,50,94.5
1356,2017-09-16,168,181,51,44,90,55,98.16666667
1357,2017-09-17,42,93,65,117,79,48,74
1358,2017-09-18,67,135,128,137,114,74,109.1666667
1359,2017-09-19,44,70,151,130,55,78,88
1360,2017-09-20,44,75,77,60,62,37,59.16666667
1361,2017-09-21,136,129,59,32,81,42,79.83333333
1362,2017-09-22,65,77,77,85,99,88,81.83333333
1363,2017-09-23,130,120,85,80,78,75,94.66666667
1364,2017-09-24,145,177,48,84,73,127,109
1365,2017-09-25,137,165,30,60,127,69,98
1366,2017-09-26,94,109,102,51,88,77,86.83333333
1367,2017-09-27,76,65,95,50,74,49,68.16666667
1368,2017-09-28,32,48,45,50,50,41,44.33333333
1369,2017-09-29,114,145,58,71,78,86,92
1370,2017-09-30,167,156,54,78,128,123,117.6666667
1371,2017-10-01,109,141,63,10,57,47,71.16666667
1372,2017-10-02,49,51,70,39,27,47,47.16666667
1373,2017-10-03,50,60,41,27,43,41,43.66666667
1374,2017-10-04,76,116,40,57,106,41,72.66666667
1375,2017-10-05,115,103,68,59,94,46,80.83333333
1376,2017-10-06,135,131,135,53,84,33,95.16666667
1377,2017-10-07,174,172,121,57,103,57,114
1378,2017-10-08,183,167,68,38,160,49,110.8333333
1379,2017-10-09,84,95,62,44,119,57,76.83333333
1380,2017-10-10,18,35,52,50,73,79,51.16666667
1381,2017-10-11,41,67,44,37,58,43,48.33333333
1382,2017-10-12,72,104,53,50,91,31,66.83333333
1383,2017-10-13,112,166,47,98,87,88,99.66666667
1384,2017-10-14,46,107,59,119,71,69,78.5
1385,2017-10-15,117,152,42,60,123,48,90.33333333
1386,2017-10-16,102,109,42,111,109,66,89.83333333
1387,2017-10-17,147,96,66,76,158,77,103.3333333
1388,2017-10-18,151,137,85,77,187,102,123.1666667
1389,2017-10-19,140,160,88,142,174,135,139.8333333
1390,2017-10-20,170,168,67,165,171,143,147.3333333
1391,2017-10-21,139,136,96,164,106,152,132.1666667
1392,2017-10-22,98,81,155,105,112,84,105.8333333
1393,2017-10-23,84,77,107,46,137,88,89.83333333
1394,2017-10-24,140,131,85,79,176,102,118.8333333
1395,2017-10-25,172,162,83,103,207,128,142.5
1396,2017-10-26,196,209,89,79,198,159,155
1397,2017-10-27,218,256,100,130,172,153,171.5
1398,2017-10-28,79,134,104,137,110,149,118.8333333
1399,2017-10-29,23,44,120,71,49,38,57.5
1400,2017-10-30,49,101,70,57,116,45,73
1401,2017-10-31,135,154,74,99,130,101,115.5
1402,2017-11-01,142,151,91,151,106,174,135.8333333
1403,2017-11-02,121,181,132,158,187,167,157.6666667
1404,2017-11-03,31,96,155,80,140,59,93.5
1405,2017-11-04,98,116,58,50,132,66,86.66666667
1406,2017-11-05,169,146,67,62,154,120,119.6666667
1407,2017-11-06,196,165,93,75,155,126,135
1408,2017-11-07,132,145,157,145,150,171,150
1409,2017-11-08,64,59,153,107,49,54,81
1410,2017-11-09,134,121,61,31,119,54,86.66666667
1411,2017-11-10,33,64,105,46,70,66,64
1412,2017-11-11,51,81,67,56,78,35,61.33333333
1413,2017-11-12,143,160,67,65,122,85,107
1414,2017-11-13,75,110,83,129,101,127,104.1666667
1415,2017-11-14,41,36,116,70,68,43,62.33333333
1416,2017-11-15,62,66,93,72,60,53,67.66666667
1417,2017-11-16,148,106,82,68,124,51,96.5
1418,2017-11-17,73,87,51,108,118,100,89.5
1419,2017-11-18,84,68,67,43,84,42,64.66666667
1420,2017-11-19,172,170,90,100,96,72,116.6666667
1421,2017-11-20,179,226,72,148,104,73,133.6666667
1422,2017-11-21,188,204,133,160,128,103,152.6666667
1423,2017-11-22,35,43,140,114,65,82,79.83333333
1424,2017-11-23,31,52,111,75,67,36,62
1425,2017-11-24,61,71,155,66,88,51,82
1426,2017-11-25,129,142,134,123,110,81,119.8333333
1427,2017-11-26,40,51,149,121,103,70,89
1428,2017-11-27,152,139,102,75,100,72,106.6666667
1429,2017-11-28,96,115,135,112,99,113,111.6666667
1430,2017-11-29,46,46,152,60,53,54,68.5
1431,2017-11-30,77,70,74,74,74,72,73.5
1432,2017-12-01,158,152,115,67,134,70,116
1433,2017-12-02,219,209,95,113,176,157,161.5
1434,2017-12-03,93,197,117,175,110,138,138.3333333
1435,2017-12-04,26,40,161,74,95,60,76
1436,2017-12-05,62,136,111,57,129,54,91.5
1437,2017-12-06,83,144,141,151,169,110,133
1438,2017-12-07,35,56,169,129,131,84,100.6666667
1439,2017-12-08,74,95,98,61,159,70,92.83333333
1440,2017-12-09,93,179,223,125,139,96,142.5
1441,2017-12-10,35,64,409,112,99,94,135.5
1442,2017-12-11,31,35,409,62,77,45,109.8333333
1443,2017-12-12,48,57,293,63,84,53,99.66666667
1444,2017-12-13,95,117,75,116,174,78,109.1666667
1445,2017-12-14,157,140,84,119,183,112,132.5
1446,2017-12-15,84,112,76,165,133,120,115
1447,2017-12-16,38,38,150,89,71,63,74.83333333
1448,2017-12-17,84,127,138,65,129,66,101.5
1449,2017-12-18,46,93,138,123,96,86,97
1450,2017-12-19,90,81,112,65,98,50,82.66666667
1451,2017-12-20,60,110,118,133,160,94,112.5
1452,2017-12-21,116,157,161,123,139,91,131.1666667
1453,2017-12-22,104,144,155,174,173,156,151
1454,2017-12-23,103,159,128,170,217,97,145.6666667
1455,2017-12-24,54,81,191,139,102,90,109.5
1456,2017-12-25,90,73,136,82,96,55,88.66666667
1457,2017-12-26,68,92,112,137,78,61,91.33333333
1458,2017-12-27,156,133,110,73,115,67,109
1459,2017-12-28,180,194,74,70,172,120,135
1460,2017-12-29,232,249,98,160,196,174,184.8333333
1461,2017-12-30,169,263,141,180,222,151,187.6666667
1462,2017-12-31,89,274,253,173,223,120,188.6666667
1463,2018-01-01,101,131,132,173,123,129,131.5
1464,2018-01-02,86,111,90,126,90,73,96
1465,2018-01-03,43,38,77,77,92,56,63.83333333
1466,2018-01-04,48,60,48,85,161,64,77.66666667
1467,2018-01-05,89,153,75,111,192,67,114.5
1468,2018-01-06,42,117,153,7,140,66,87.5
1469,2018-01-07,108,191,78,1,179,63,103.3333333
1470,2018-01-08,51,56,167,1,96,107,79.66666667
1471,2018-01-09,31,67,96,1,87,47,54.83333333
1472,2018-01-10,27,29,109,1,74,46,47.66666667
1473,2018-01-11,36,34,131,1,125,47,62.33333333
1474,2018-01-12,116,150,187,1,172,124,125
1475,2018-01-13,163,176,257,1,173,147,152.8333333
1476,2018-01-14,183,194,93,1,155,156,130.3333333
1477,2018-01-15,86,122,159,1,90,108,94.33333333
1478,2018-01-16,114,93,132,1,150,155,107.5
1479,2018-01-17,107,151,176,1,178,130,123.8333333
1480,2018-01-18,113,133,164,1,184,133,121.3333333
1481,2018-01-19,156,197,189,1,137,224,150.6666667
1482,2018-01-20,97,141,172,1,67,183,110.1666667
1483,2018-01-21,103,68,117,1,110,73,78.66666667
1484,2018-01-22,66,124,120,1,84,88,80.5
1485,2018-01-23,37,59,186,1,59,58,66.66666667
1486,2018-01-24,48,102,80,1,57,66,59
1487,2018-01-25,32,116,60,1,93,64,61
1488,2018-01-26,78,136,67,23,140,54,83
1489,2018-01-27,168,157,69,83,210,124,135.1666667
1490,2018-01-28,38,78,78,130,98,116,89.66666667
1491,2018-01-29,36,75,175,122,78,58,90.66666667
1492,2018-01-30,41,137,249,91,131,72,120.1666667
1493,2018-01-31,62,52,238,138,85,91,111
1494,2018-02-01,90,127,194,94,172,66,123.8333333
1495,2018-02-02,37,35,177,126,82,93,91.66666667
1496,2018-02-03,33,41,185,72,98,59,81.33333333
1497,2018-02-04,58,47,101,83,147,60,82.66666667
1498,2018-02-05,29,46,137,100,148,73,88.83333333
1499,2018-02-06,98,87,94,69,136,59,90.5
1500,2018-02-07,81,110,81,121,151,93,106.1666667
1501,2018-02-08,126,128,164,129,149,114,135
1502,2018-02-09,107,111,151,160,142,151,137
1503,2018-02-10,44,36,139,78,75,75,74.5
1504,2018-02-11,46,47,110,105,72,59,73.16666667
1505,2018-02-12,43,74,101,63,178,60,86.5
1506,2018-02-13,130,143,99,102,121,101,116
1507,2018-02-14,55,84,112,131,101,104,97.83333333
1508,2018-02-15,95,157,104,79,140,99,112.3333333
1509,2018-02-16,166,174,65,128,126,110,128.1666667
1510,2018-02-17,160,153,111,88,93,79,114
1511,2018-02-18,181,173,57,36,165,104,119.3333333
1512,2018-02-19,196,184,68,52,152,153,134.1666667
1513,2018-02-20,102,157,121,124,116,137,126.1666667
1514,2018-02-21,115,166,102,72,162,136,125.5
1515,2018-02-22,55,151,123,155,157,191,138.6666667
1516,2018-02-23,76,158,133,144,145,197,142.1666667
1517,2018-02-24,85,38,111,92,109,72,84.5
1518,2018-02-25,125,95,102,81,182,89,112.3333333
1519,2018-02-26,184,201,114,96,195,124,152.3333333
1520,2018-02-27,227,191,110,117,173,185,167.1666667
1521,2018-02-28,160,181,97,86,227,130,146.8333333
1522,2018-03-01,52,45,173,82,102,82,89.33333333
1523,2018-03-02,158,130,76,72,117,69,103.6666667
1524,2018-03-03,223,189,99,102,107,113,138.8333333
1525,2018-03-04,136,102,92,63,87,111,98.5
1526,2018-03-05,130,83,70,67,83,82,85.83333333
1527,2018-03-06,117,72,64,96,82,100,88.5
1528,2018-03-07,119,102,74,55,148,86,97.33333333
1529,2018-03-08,107,115,111,95,121,74,103.8333333
1530,2018-03-09,171,136,118,62,158,93,123
1531,2018-03-10,176,150,125,151,145,144,148.5
1532,2018-03-11,146,141,144,151,153,104,139.8333333
1533,2018-03-12,198,196,165,94,160,151,160.6666667
1534,2018-03-13,274,342,79,131,167,113,184.3333333
1535,2018-03-14,255,203,133,116,197,120,170.6666667
1536,2018-03-15,63,102,106,110,84,99,94
1537,2018-03-16,88,68,82,65,104,98,84.16666667
1538,2018-03-17,139,99,73,60,152,90,102.1666667
1539,2018-03-18,172,163,88,30,166,105,120.6666667
1540,2018-03-19,137,146,96,102,115,138,122.3333333
1541,2018-03-20,76,59,131,66,62,130,87.33333333
1542,2018-03-21,140,83,100,94,114,122,108.8333333
1543,2018-03-22,163,146,161,60,177,144,141.8333333
1544,2018-03-23,180,193,165,130,211,173,175.3333333
1545,2018-03-24,179,217,144,164,232,185,186.8333333
1546,2018-03-25,132,167,153,115,184,192,157.1666667
1547,2018-03-26,181,162,138,84,197,147,151.5
1548,2018-03-27,229,147,136,152,154,152,161.6666667
1549,2018-03-28,194,129,122,154,107,160,144.3333333
1550,2018-03-29,107,74,114,108,107,110,103.3333333
1551,2018-03-30,113,121,90,74,171,115,114
1552,2018-03-31,176,183,99,57,175,124,135.6666667
1553,2018-04-01,223,221,121,45,163,71,140.6666667
1554,2018-04-02,252,213,129,71,156,107,154.6666667
1555,2018-04-03,54,57,134,118,110,90,93.83333333
1556,2018-04-04,73,83,104,60,112,78,85
1557,2018-04-05,127,121,98,77,160,123,117.6666667
1558,2018-04-06,60,72,125,96,123,126,100.3333333
1559,2018-04-07,54,45,85,50,64,51,58.16666667
1560,2018-04-08,108,90,372,69,121,75,139.1666667
1561,2018-04-09,158,158,290,62,122,83,145.5
1562,2018-04-10,109,125,184,125,122,127,132
1563,2018-04-11,119,56,253,70,73,66,106.1666667
1564,2018-04-12,125,83,91,72,84,71,87.66666667
1565,2018-04-13,124,91,76,45,153,77,94.33333333
1566,2018-04-14,132,73,97,1,98,68,78.16666667
1567,2018-04-15,108,75,135,1,79,57,75.83333333
1568,2018-04-16,168,149,91,17,122,71,103
1569,2018-04-17,171,154,111,72,133,83,120.6666667
1570,2018-04-18,169,155,125,104,137,154,140.6666667
1571,2018-04-19,177,155,110,99,137,157,139.1666667
1572,2018-04-20,183,165,96,56,139,108,124.5
1573,2018-04-21,123,146,95,66,137,114,113.5
1574,2018-04-22,46,53,95,53,113,99,76.5
1575,2018-04-23,59,71,107,36,133,67,78.83333333
1576,2018-04-24,71,77,80,70,126,110,89
1577,2018-04-25,97,121,126,122,135,96,116.1666667
1578,2018-04-26,168,169,91,150,129,139,141
1579,2018-04-27,127,99,151,105,90,67,106.5
1580,2018-04-28,161,175,175,109,160,96,146
1581,2018-04-29,202,131,165,114,164,161,156.1666667
1582,2018-04-30,89,78,156,78,92,139,105.3333333
1583,2018-05-01,122,125,121,102,190,89,124.8333333
1584,2018-05-02,68,96,162,62,103,72,93.83333333
1585,2018-05-03,72,64,100,35,117,56,74
1586,2018-05-04,148,93,116,57,111,91,102.6666667
1587,2018-05-05,166,85,90,130,119,131,120.1666667
1588,2018-05-06,140,128,121,61,106,150,117.6666667
1589,2018-05-07,161,106,98,85,87,121,109.6666667
1590,2018-05-08,110,81,105,95,110,73,95.66666667
1591,2018-05-09,140,107,101,77,113,96,105.6666667
1592,2018-05-10,170,133,76,57,145,93,112.3333333
1593,2018-05-11,156,156,79,51,135,92,111.5
1594,2018-05-12,188,160,137,79,102,77,123.8333333
1595,2018-05-13,124,128,163,75,159,135,130.6666667
1596,2018-05-14,185,145,150,106,138,140,144
1597,2018-05-15,155,143,140,73,132,102,124.1666667
1598,2018-05-16,178,152,119,74,67,64,109
1599,2018-05-17,111,89,111,49,108,99,94.5
1600,2018-05-18,73,117,126,71,123,99,101.5
1601,2018-05-19,106,99,91,67,101,63,87.83333333
1602,2018-05-20,112,121,67,51,71,47,78.16666667
1603,2018-05-21,146,95,81,50,93,39,84
1604,2018-05-22,130,117,115,50,117,73,100.3333333
1605,2018-05-23,163,141,111,104,122,102,123.8333333
1606,2018-05-24,159,124,114,127,154,156,139
1607,2018-05-25,156,131,88,101,149,147,128.6666667
1608,2018-05-26,187,156,96,62,144,63,118
1609,2018-05-27,158,111,108,77,94,115,110.5
1610,2018-05-28,121,94,155,90,104,137,116.8333333
1611,2018-05-29,68,78,168,95,122,68,99.83333333
1612,2018-05-30,106,79,156,89,72,65,94.5
1613,2018-05-31,115,88,119,69,120,73,97.33333333
1614,2018-06-01,120,99,109,59,123,69,96.5
1615,2018-06-02,149,118,100,58,85,66,96
1616,2018-06-03,152,136,107,63,101,68,104.5
1617,2018-06-04,114,103,114,71,93,106,100.1666667
1618,2018-06-05,117,113,162,59,109,103,110.5
1619,2018-06-06,149,136,135,95,112,134,126.8333333
1620,2018-06-07,100,110,117,101,98,120,107.6666667
1621,2018-06-08,66,51,83,92,98,122,85.33333333
1622,2018-06-09,65,58,85,81,126,127,90.33333333
1623,2018-06-10,113,83,117,74,68,98,92.16666667
1624,2018-06-11,146,142,145,76,100,56,110.8333333
1625,2018-06-12,161,132,144,70,139,84,121.6666667
1626,2018-06-13,112,105,159,80,83,77,102.6666667
1627,2018-06-14,92,127,125,59,62,79,90.66666667
1628,2018-06-15,157,109,68,66,51,90,90.16666667
1629,2018-06-16,153,130,86,55,71,110,100.8333333
1630,2018-06-17,118,112,83,45,97,88,90.5
1631,2018-06-18,150,158,76,58,96,69,101.1666667
1632,2018-06-19,129,127,81,49,96,89,95.16666667
1633,2018-06-20,108,111,59,85,62,104,88.16666667
1634,2018-06-21,91,125,70,93,99,85,93.83333333
1635,2018-06-22,131,144,85,72,99,125,109.3333333
1636,2018-06-23,129,108,58,73,126,79,95.5
1637,2018-06-24,116,102,75,61,150,91,99.16666667
1638,2018-06-25,144,142,110,54,116,104,111.6666667
1639,2018-06-26,171,137,110,56,76,65,102.5
1640,2018-06-27,73,112,98,82,109,163,106.1666667
1641,2018-06-28,23,42,95,61,58,146,70.83333333
1642,2018-06-29,60,73,91,82,94,58,76.33333333
1643,2018-06-30,91,107,71,73,81,113,89.33333333
1644,2018-07-01,115,125,67,28,80,43,76.33333333
1645,2018-07-02,202,102,95,22,99,50,95
1646,2018-07-03,205,83,69,39,130,34,93.33333333
1647,2018-07-04,92,115,110,63,118,73,95.16666667
1648,2018-07-05,97,118,89,65,77,104,91.66666667
1649,2018-07-06,87,136,70,56,120,56,87.5
1650,2018-07-07,90,97,69,37,75,24,65.33333333
1651,2018-07-08,83,127,94,18,64,58,74
1652,2018-07-09,103,98,68,26,75,72,73.66666667
1653,2018-07-10,78,69,58,48,75,77,67.5
1654,2018-07-11,65,93,67,43,57,75,66.66666667
1655,2018-07-12,84,129,60,42,82,36,72.16666667
1656,2018-07-13,94,104,60,57,58,55,71.33333333
1657,2018-07-14,100,91,57,67,62,78,75.83333333
1658,2018-07-15,119,107,57,58,75,79,82.5
1659,2018-07-16,58,119,50,39,62,57,64.16666667
1660,2018-07-17,46,121,53,40,58,66,64
1661,2018-07-18,143,117,54,37,58,48,76.16666667
1662,2018-07-19,116,139,51,37,59,58,76.66666667
1663,2018-07-20,136,122,85,54,64,59,86.66666667
1664,2018-07-21,124,112,86,73,79,98,95.33333333
1665,2018-07-22,92,134,55,55,111,106,92.16666667
1666,2018-07-23,109,102,66,34,125,68,84
1667,2018-07-24,46,47,95,36,83,49,59.33333333
1668,2018-07-25,28,70,107,97,72,90,77.33333333
1669,2018-07-26,38,93,107,111,81,151,96.83333333
1670,2018-07-27,97,114,112,130,79,119,108.5
1671,2018-07-28,119,128,124,98,111,132,118.6666667
1672,2018-07-29,154,152,125,81,125,124,126.8333333
1673,2018-07-30,142,131,102,88,155,110,121.3333333
1674,2018-07-31,135,130,84,46,116,84,99.16666667
1675,2018-08-01,134,152,100,72,64,117,106.5
1676,2018-08-02,160,145,81,68,70,101,104.1666667
1677,2018-08-03,126,127,64,59,149,90,102.5
1678,2018-08-04,144,115,83,73,98,63,96
1679,2018-08-05,84,76,82,67,33,82,70.66666667
1680,2018-08-06,91,67,83,51,63,83,73
1681,2018-08-07,123,96,71,46,96,108,90
1682,2018-08-08,61,90,80,53,71,104,76.5
1683,2018-08-09,72,72,85,92,67,98,81
1684,2018-08-10,88,124,97,63,73,64,84.83333333
1685,2018-08-11,108,132,89,64,81,72,91
1686,2018-08-12,132,130,71,58,114,63,94.66666667
1687,2018-08-13,105,119,62,34,107,55,80.33333333
1688,2018-08-14,81,40,61,39,58,51,55
1689,2018-08-15,45,42,68,48,63,48,52.33333333
1690,2018-08-16,43,54,60,60,51,77,57.5
1691,2018-08-17,95,65,57,54,90,57,69.66666667
1692,2018-08-18,47,92,56,39,101,38,62.16666667
1693,2018-08-19,57,52,54,33,108,52,59.33333333
1694,2018-08-20,72,65,60,33,69,35,55.66666667
1695,2018-08-21,41,62,71,64,63,66,61.16666667
1696,2018-08-22,62,72,71,99,118,69,81.83333333
1697,2018-08-23,57,106,89,84,81,98,85.83333333
1698,2018-08-24,39,91,105,85,49,71,73.33333333
1699,2018-08-25,75,91,79,62,50,57,69
1700,2018-08-26,130,118,67,59,71,79,87.33333333
1701,2018-08-27,133,86,57,53,93,70,82
1702,2018-08-28,126,90,54,49,117,69,84.16666667
1703,2018-08-29,25,67,56,76,84,62,61.66666667
1704,2018-08-30,55,64,63,87,97,65,71.83333333
1705,2018-08-31,48,95,69,57,47,65,63.5
1706,2018-09-01,113,88,107,83,69,58,86.33333333
1707,2018-09-02,103,106,117,58,74,68,87.66666667
1708,2018-09-03,82,118,126,88,90,124,104.6666667
1709,2018-09-04,29,28,117,75,43,88,63.33333333
1710,2018-09-05,44,61,229,75,75,41,87.5
1711,2018-09-06,35,67,195,104,80,95,96
1712,2018-09-07,21,28,159,56,47,36,57.83333333
1713,2018-09-08,29,34,66,57,40,35,43.5
1714,2018-09-09,72,48,67,63,78,45,62.16666667
1715,2018-09-10,115,84,63,70,116,63,85.16666667
1716,2018-09-11,105,92,64,76,76,45,76.33333333
1717,2018-09-12,110,120,70,57,62,46,77.5
1718,2018-09-13,157,133,68,53,73,50,89
1719,2018-09-14,169,153,63,82,88,66,103.5
1720,2018-09-15,42,86,67,92,83,88,76.33333333
1721,2018-09-16,25,43,63,87,81,48,57.83333333
1722,2018-09-17,46,94,54,66,109,59,71.33333333
1723,2018-09-18,63,117,69,86,103,84,87
1724,2018-09-19,81,158,98,85,132,113,111.1666667
1725,2018-09-20,115,107,99,48,136,85,98.33333333
1726,2018-09-21,48,85,94,120,119,107,95.5
1727,2018-09-22,17,51,83,147,57,37,65.33333333
1728,2018-09-23,25,27,157,83,56,29,62.83333333
1729,2018-09-24,29,31,102,65,51,31,51.5
1730,2018-09-25,68,39,126,68,98,52,75.16666667
1731,2018-09-26,92,75,89,69,93,56,79
1732,2018-09-27,144,108,94,73,132,76,104.5
1733,2018-09-28,131,130,59,60,77,78,89.16666667
1734,2018-09-29,27,57,64,118,79,102,74.5
1735,2018-09-30,20,47,117,70,100,37,65.16666667
1736,2018-10-01,32,44,72,57,59,36,50
1737,2018-10-02,38,50,85,87,102,81,73.83333333
1738,2018-10-03,51,85,84,126,121,117,97.33333333
1739,2018-10-04,114,130,75,105,138,77,106.5
1740,2018-10-05,161,139,72,80,125,79,109.3333333
1741,2018-10-06,29,60,88,102,93,73,74.16666667
1742,2018-10-07,38,66,103,68,107,29,68.5
1743,2018-10-08,48,99,74,72,90,49,72
1744,2018-10-09,19,35,87,60,89,97,64.5
1745,2018-10-10,28,47,93,44,58,30,50
1746,2018-10-11,32,54,131,79,99,35,71.66666667
1747,2018-10-12,107,162,103,93,118,43,104.3333333
1748,2018-10-13,165,163,74,98,140,93,122.1666667
1749,2018-10-14,200,165,66,79,126,143,129.8333333
1750,2018-10-15,204,171,63,102,99,170,134.8333333
1751,2018-10-16,140,136,84,149,85,82,112.6666667
1752,2018-10-17,96,101,115,83,103,42,90
1753,2018-10-18,100,118,82,61,113,52,87.66666667
1754,2018-10-19,116,137,67,79,168,77,107.3333333
1755,2018-10-20,153,163,65,91,176,114,127
1756,2018-10-21,186,177,67,74,174,132,135
1757,2018-10-22,211,167,66,80,157,96,129.5
1758,2018-10-23,45,57,133,97,79,60,78.5
1759,2018-10-24,125,159,144,120,130,89,127.8333333
1760,2018-10-25,163,182,120,126,141,138,145
1761,2018-10-26,25,43,141,88,54,48,66.5
1762,2018-10-27,42,56,109,62,41,37,57.83333333
1763,2018-10-28,17,47,111,89,51,33,58
1764,2018-10-29,21,35,136,55,40,35,53.66666667
1765,2018-10-30,44,82,146,69,89,50,80
1766,2018-10-31,83,103,74,74,122,59,85.83333333
1767,2018-11-01,116,153,59,125,153,95,116.8333333
1768,2018-11-02,188,174,66,130,171,124,142.1666667
1769,2018-11-03,205,191,98,70,163,124,141.8333333
1770,2018-11-04,130,163,79,69,104,120,110.8333333
1771,2018-11-05,67,73,88,101,78,72,79.83333333
1772,2018-11-06,52,82,75,64,109,59,73.5
1773,2018-11-07,82,119,102,86,153,63,100.8333333
1774,2018-11-08,156,147,65,99,180,85,122
1775,2018-11-09,91,134,129,147,165,172,139.6666667
1776,2018-11-10,48,60,273,161,78,96,119.3333333
1777,2018-11-11,119,99,296,118,132,77,140.1666667
1778,2018-11-12,176,165,66,112,149,160,138
1779,2018-11-13,236,198,79,156,131,179,163.1666667
1780,2018-11-14,272,231,102,162,169,172,184.6666667
1781,2018-11-15,100,175,80,146,107,147,125.8333333
1782,2018-11-16,35,56,82,78,64,47,60.33333333
1783,2018-11-17,110,137,69,100,134,79,104.8333333
1784,2018-11-18,94,149,66,155,128,133,120.8333333
1785,2018-11-19,122,172,147,151,119,71,130.3333333
1786,2018-11-20,111,152,128,172,106,139,134.6666667
1787,2018-11-21,75,84,60,147,199,73,106.3333333
1788,2018-11-22,90,131,100,112,74,56,93.83333333
1789,2018-11-23,151,168,120,124,129,101,132.1666667
1790,2018-11-24,157,175,117,185,126,99,143.1666667
1791,2018-11-25,170,234,164,180,161,182,181.8333333
1792,2018-11-26,295,309,135,137,191,169,206
1793,2018-11-27,118,173,153,230,81,168,153.8333333
1794,2018-11-28,146,131,188,158,94,91,134.6666667
1795,2018-11-29,139,97,175,159,155,77,133.6666667
1796,2018-11-30,201,122,146,96,129,104,133
1797,2018-12-01,198,186,97,167,104,108,143.3333333
1798,2018-12-02,233,184,92,98,88,87,130.3333333
1799,2018-12-03,129,127,133,144,113,131,129.5
1800,2018-12-04,53,60,91,77,67,61,68.16666667
1801,2018-12-05,122,87,69,89,115,48,88.33333333
1802,2018-12-06,35,65,58,119,90,64,71.83333333
1803,2018-12-07,28,44,92,61,63,40,54.66666667
1804,2018-12-08,33,49,94,70,76,49,61.83333333
1805,2018-12-09,106,127,107,124,128,70,110.3333333
1806,2018-12-10,144,145,54,152,159,126,130
1807,2018-12-11,73,90,64,160,170,111,111.3333333
1808,2018-12-12,86,140,160,110,127,82,117.5
1809,2018-12-13,46,79,161,131,100,71,98
1810,2018-12-14,113,124,133,87,157,68,113.6666667
1811,2018-12-15,172,199,65,84,150,108,129.6666667
1812,2018-12-16,122,313,134,145,167,167,174.6666667
1813,2018-12-17,100,96,177,163,118,78,122
1814,2018-12-18,91,116,168,170,154,114,135.5
1815,2018-12-19,86,117,151,268,139,81,140.3333333
1816,2018-12-20,126,134,96,168,238,117,146.5
1817,2018-12-21,145,135,144,215,139,156,155.6666667
1818,2018-12-22,100,134,112,235,194,169,157.3333333
1819,2018-12-23,41,51,120,142,66,82,83.66666667
1820,2018-12-24,124,127,96,101,126,60,105.6666667
1821,2018-12-25,85,111,72,156,102,120,107.6666667
1822,2018-12-26,33,70,63,94,53,55,61.33333333
1823,2018-12-27,34,47,72,73,57,49,55.33333333
1824,2018-12-28,35,46,94,67,72,45,59.83333333
1825,2018-12-29,38,77,107,93,66,57,73
1826,2018-12-30,48,79,103,104,153,59,91
1827,2018-12-31,NA,NA,NA,NA,NA,NA,107.1666667
1828,2019-01-01,116,135,93,167,154,75,123.3333333
1829,2019-01-02,118,155,158,187,154,108,146.6666667
1830,2019-01-03,204,190,144,213,173,128,175.3333333
1831,2019-01-04,63,84,75,244,104,173,123.8333333
1832,2019-01-05,52,53,105,167,77,75,88.16666667
1833,2019-01-06,147,130,95,148,174,83,129.5
1834,2019-01-07,95,110,97,197,165,133,132.8333333
1835,2019-01-08,50,49,159,136,77,94,94.16666667
1836,2019-01-09,121,106,89,106,123,60,100.8333333
1837,2019-01-10,166,173,78,148,141,145,141.8333333
1838,2019-01-11,186,274,72,214,228,187,193.5
1839,2019-01-12,282,299,120,254,275,232,243.6666667
1840,2019-01-13,201,321,165,309,242,315,258.8333333
1841,2019-01-14,207,269,164,328,223,164,225.8333333
1842,2019-01-15,42,32,185,142,72,85,93
1843,2019-01-16,118,138,105,94,128,77,110
1844,2019-01-17,122,171,164,152,137,161,151.1666667
1845,2019-01-18,163,182,168,172,172,162,169.8333333
1846,2019-01-19,52,119,162,184,143,164,137.3333333
1847,2019-01-20,43,65,160,115,90,72,90.83333333
1848,2019-01-21,85,148,124,122,116,85,113.3333333
1849,2019-01-22,93,170,167,171,162,141,150.6666667
1850,2019-01-23,77,108,172,177,85,139,126.3333333
1851,2019-01-24,186,129,173,106,138,111,140.5
1852,2019-01-25,53,78,100,96,123,105,92.5
1853,2019-01-26,70,77,69,113,141,60,88.33333333
1854,2019-01-27,129,170,71,141,156,115,130.3333333
1855,2019-01-28,85,80,128,133,89,92,101.1666667
1856,2019-01-29,183,173,120,107,149,71,133.8333333
1857,2019-01-30,79,133,92,152,101,134,115.1666667
1858,2019-01-31,48,69,62,67,136,58,73.33333333
1859,2019-02-01,127,163,147,167,137,109,141.6666667
1860,2019-02-02,186,187,142,162,164,169,168.3333333
1861,2019-02-03,97,132,143,183,161,135,141.8333333
1862,2019-02-04,119,150,151,143,98,91,125.3333333
1863,2019-02-05,179,199,76,141,169,172,156
1864,2019-02-06,141,110,131,172,145,163,143.6666667
1865,2019-02-07,40,52,92,86,76,87,72.16666667
1866,2019-02-08,80,80,59,66,105,62,75.33333333
1867,2019-02-09,38,66,58,108,116,67,75.5
1868,2019-02-10,83,106,73,65,160,57,90.66666667
1869,2019-02-11,112,170,91,154,167,137,138.5
1870,2019-02-12,86,122,84,173,94,120,113.1666667
1871,2019-02-13,75,127,87,158,129,114,115
1872,2019-02-14,133,79,93,129,156,111,116.8333333
1873,2019-02-15,42,75,67,130,137,102,92.16666667
1874,2019-02-16,38,36,122,86,88,59,71.5
1875,2019-02-17,49,52,94,122,142,88,91.16666667
1876,2019-02-18,96,170,68,103,155,111,117.1666667
1877,2019-02-19,175,198,99,186,175,158,165.1666667
1878,2019-02-20,94,187,131,278,164,230,180.6666667
1879,2019-02-21,176,250,148,222,161,161,186.3333333
1880,2019-02-22,195,312,137,209,209,212,212.3333333
1881,2019-02-23,229,158,185,208,200,162,190.3333333
1882,2019-02-24,153,244,180,194,133,159,177.1666667
1883,2019-02-25,151,131,191,169,97,117,142.6666667
1884,2019-02-26,139,91,113,76,197,100,119.3333333
1885,2019-02-27,172,146,93,90,231,151,147.1666667
1886,2019-02-28,165,223,101,171,180,179,169.8333333
1887,2019-03-01,197,193,157,212,188,266,202.1666667
1888,2019-03-02,250,197,140,204,212,307,218.3333333
1889,2019-03-03,215,207,161,170,249,232,205.6666667
1890,2019-03-04,172,204,172,167,242,220,196.1666667
1891,2019-03-05,147,168,168,159,265,256,193.8333333
1892,2019-03-06,36,62,157,186,103,163,117.8333333
1893,2019-03-07,66,122,140,98,137,78,106.8333333
1894,2019-03-08,150,151,76,130,159,143,134.8333333
1895,2019-03-09,166,163,97,51,165,123,127.5
1896,2019-03-10,183,154,135,88,149,125,139
1897,2019-03-11,64,122,157,109,131,168,125.1666667
1898,2019-03-12,28,53,155,80,60,70,74.33333333
1899,2019-03-13,36,74,78,90,74,48,66.66666667
1900,2019-03-14,34,95,75,119,98,60,80.16666667
1901,2019-03-15,43,34,132,65,92,69,72.5
1902,2019-03-16,81,94,201,90,98,74,106.3333333
1903,2019-03-17,130,134,220,121,92,80,129.5
1904,2019-03-18,175,168,106,67,123,80,119.8333333
1905,2019-03-19,193,150,109,154,154,155,152.5
1906,2019-03-20,153,145,100,64,155,111,121.3333333
1907,2019-03-21,49,31,138,88,91,80,79.5
1908,2019-03-22,33,54,72,68,69,68,60.66666667
1909,2019-03-23,46,31,89,68,57,70,60.16666667
1910,2019-03-24,109,101,117,100,118,88,105.5
1911,2019-03-25,99,114,146,161,121,184,137.5
1912,2019-03-26,118,157,145,153,67,187,137.8333333
1913,2019-03-27,144,139,135,158,91,142,134.8333333
1914,2019-03-28,108,55,151,80,63,66,87.16666667
1915,2019-03-29,70,65,126,43,153,74,88.5
1916,2019-03-30,25,22,136,67,126,86,77
1917,2019-03-31,41,43,64,70,82,44,57.33333333
1918,2019-04-01,52,66,115,119,82,61,82.5
1919,2019-04-02,94,85,98,45,101,68,81.83333333
1920,2019-04-03,142,96,134,64,131,77,107.3333333
1921,2019-04-04,149,176,117,116,184,152,149
1922,2019-04-05,108,96,151,140,58,101,109
1923,2019-04-06,123,77,141,159,105,77,113.6666667
1924,2019-04-07,132,78,156,94,71,71,100.3333333
1925,2019-04-08,104,40,162,53,65,73,82.83333333
1926,2019-04-09,82,49,113,46,107,65,77
1927,2019-04-10,88,86,75,93,111,71,87.33333333
1928,2019-04-11,138,132,90,119,122,98,116.5
1929,2019-04-12,151,157,139,164,151,163,154.1666667
1930,2019-04-13,163,194,88,155,183,172,159.1666667
1931,2019-04-14,70,63,121,102,89,96,90.16666667
1932,2019-04-15,133,113,105,132,110,104,116.1666667
1933,2019-04-16,160,159,75,72,147,120,122.1666667
1934,2019-04-17,183,158,124,94,111,123,132.1666667
1935,2019-04-18,121,115,134,112,82,98,110.3333333
1936,2019-04-19,83,48,128,75,113,53,83.33333333
1937,2019-04-20,122,92,72,87,131,92,99.33333333
1938,2019-04-21,156,140,89,114,136,111,124.3333333
1939,2019-04-22,176,164,73,51,184,99,124.5
1940,2019-04-23,168,163,119,42,104,104,116.6666667
1941,2019-04-24,104,71,180,69,82,133,106.5
1942,2019-04-25,71,49,114,81,77,92,80.66666667
1943,2019-04-26,109,88,86,70,94,68,85.83333333
1944,2019-04-27,110,112,67,88,123,114,102.3333333
1945,2019-04-28,135,135,101,39,105,64,96.5
1946,2019-04-29,180,165,113,66,91,65,113.3333333
1947,2019-04-30,167,120,84,133,120,140,127.3333333
1948,2019-05-01,145,56,143,79,96,126,107.5
1949,2019-05-02,214,79,137,107,124,134,132.5
1950,2019-05-03,161,114,95,137,145,106,126.3333333
1951,2019-05-04,145,129,135,99,149,130,131.1666667
1952,2019-05-05,78,82,119,124,87,89,96.5
1953,2019-05-06,79,60,120,67,91,103,86.66666667
1954,2019-05-07,98,87,64,93,86,114,90.33333333
1955,2019-05-08,132,148,70,106,133,129,119.6666667
1956,2019-05-09,115,152,110,111,156,158,133.6666667
1957,2019-05-10,140,135,116,98,160,147,132.6666667
1958,2019-05-11,162,140,125,83,121,103,122.3333333
1959,2019-05-12,181,173,111,98,123,89,129.1666667
1960,2019-05-13,86,99,88,85,94,80,88.66666667
1961,2019-05-14,141,139,81,101,93,86,106.8333333
1962,2019-05-15,175,135,80,77,103,107,112.8333333
1963,2019-05-16,155,146,124,95,112,80,118.6666667
1964,2019-05-17,162,135,76,49,78,91,98.5
1965,2019-05-18,106,53,114,51,82,65,78.5
1966,2019-05-19,88,94,144,89,79,74,94.66666667
1967,2019-05-20,65,49,103,68,66,46,66.16666667
1968,2019-05-21,80,61,101,84,72,62,76.66666667
1969,2019-05-22,106,93,124,113,79,113,104.6666667
1970,2019-05-23,107,126,152,127,112,104,121.3333333
1971,2019-05-24,135,80,114,147,111,158,124.1666667
1972,2019-05-25,149,116,86,119,111,111,115.3333333
1973,2019-05-26,104,122,84,70,71,94,90.83333333
1974,2019-05-27,41,25,97,50,46,30,48.16666667
1975,2019-05-28,61,62,65,83,85,72,71.33333333
1976,2019-05-29,92,115,117,104,62,84,95.66666667
1977,2019-05-30,90,53,81,92,72,101,81.5
1978,2019-05-31,68,31,143,125,57,59,80.5
1979,2019-06-01,112,86,106,159,80,89,105.3333333
1980,2019-06-02,133,110,76,114,105,112,108.3333333
1981,2019-06-03,104,92,94,113,144,105,108.6666667
1982,2019-06-04,150,126,102,98,122,99,116.1666667
1983,2019-06-05,161,154,125,83,124,92,123.1666667
1984,2019-06-06,137,148,83,60,128,78,105.6666667
1985,2019-06-07,151,123,75,85,125,75,105.6666667
1986,2019-06-08,102,103,85,91,65,90,89.33333333
1987,2019-06-09,31,74,83,78,59,85,68.33333333
1988,2019-06-10,96,89,120,116,72,70,93.83333333
1989,2019-06-11,132,66,93,65,103,63,87
1990,2019-06-12,118,93,71,66,114,76,89.66666667
1991,2019-06-13,84,90,80,55,78,94,80.16666667
1992,2019-06-14,102,159,74,42,85,102,94
1993,2019-06-15,76,97,137,88,37,71,84.33333333
1994,2019-06-16,86,46,162,70,45,50,76.5
1995,2019-06-17,137,105,97,79,100,80,99.66666667
1996,2019-06-18,158,117,71,92,110,115,110.5
1997,2019-06-19,161,147,98,38,102,88,105.6666667
1998,2019-06-20,145,163,82,44,137,91,110.3333333
1999,2019-06-21,130,111,72,78,51,93,89.16666667
2000,2019-06-22,75,51,96,103,69,59,75.5
2001,2019-06-23,121,79,91,96,78,86,91.83333333
2002,2019-06-24,114,98,107,58,107,81,94.16666667
2003,2019-06-25,134,101,60,52,68,86,83.5
2004,2019-06-26,125,88,73,76,76,70,84.66666667
2005,2019-06-27,141,105,101,69,101,98,102.5
2006,2019-06-28,75,100,114,93,113,101,99.33333333
2007,2019-06-29,53,108,113,67,81,132,92.33333333
2008,2019-06-30,17,39,76,113,36,60,56.83333333
2009,2019-07-01,34,65,64,110,31,48,58.66666667
2010,2019-07-02,83,83,70,74,92,59,76.83333333
2011,2019-07-03,87,73,89,81,77,67,79
2012,2019-07-04,116,88,111,83,82,119,99.83333333
2013,2019-07-05,95,111,106,115,93,112,105.3333333
2014,2019-07-06,34,75,107,64,89,81,75
2015,2019-07-07,53,81,96,67,104,81,80.33333333
2016,2019-07-08,86,119,136,90,101,101,105.5
2017,2019-07-09,99,131,69,76,125,44,90.66666667
2018,2019-07-10,153,104,65,60,115,43,90
2019,2019-07-11,87,70,136,86,98,52,88.16666667
2020,2019-07-12,78,122,97,108,137,75,102.8333333
2021,2019-07-13,154,135,58,159,128,108,123.6666667
2022,2019-07-14,61,77,97,153,165,124,112.8333333
2023,2019-07-15,149,94,82,155,152,106,123
2024,2019-07-16,102,77,70,121,121,93,97.33333333
2025,2019-07-17,137,149,79,71,105,93,105.6666667
2026,2019-07-18,157,166,62,29,132,63,101.5
2027,2019-07-19,143,66,59,20,132,82,83.66666667
2028,2019-07-20,139,80,83,78,134,108,103.6666667
2029,2019-07-21,153,149,111,97,88,147,124.1666667
2030,2019-07-22,168,130,101,107,143,131,130
2031,2019-07-23,86,80,83,75,111,68,83.83333333
2032,2019-07-24,89,94,101,102,89,102,96.16666667
2033,2019-07-25,70,90,111,95,88,73,87.83333333
2034,2019-07-26,103,118,134,95,95,89,105.6666667
2035,2019-07-27,163,128,113,72,121,60,109.5
2036,2019-07-28,137,122,80,48,183,46,102.6666667
2037,2019-07-29,51,82,67,53,86,73,68.66666667
2038,2019-07-30,91,71,58,84,61,65,71.66666667
2039,2019-07-31,72,102,56,59,114,123,87.66666667
2040,2019-08-01,84,102,52,76,123,70,84.5
2041,2019-08-02,94,95,54,34,94,48,69.83333333
2042,2019-08-03,112,68,63,49,56,48,66
2043,2019-08-04,115,85,45,62,103,88,83
2044,2019-08-05,107,94,54,33,118,58,77.33333333
2045,2019-08-06,132,120,71,45,128,92,98
2046,2019-08-07,72,91,88,41,134,104,88.33333333
2047,2019-08-08,110,120,64,63,86,88,88.5
2048,2019-08-09,118,75,60,44,122,58,79.5
2049,2019-08-10,82,86,56,44,64,48,63.33333333
2050,2019-08-11,56,44,38,29,42,53,43.66666667
2051,2019-08-12,32,26,71,33,26,50,39.66666667
2052,2019-08-13,26,20,103,48,111,60,61.33333333
2053,2019-08-14,82,76,117,61,37,56,71.5
2054,2019-08-15,63,114,123,65,33,52,75
2055,2019-08-16,30,40,155,87,42,65,69.83333333
2056,2019-08-17,38,31,143,70,40,46,61.33333333
2057,2019-08-18,59,66,128,59,58,58,71.33333333
2058,2019-08-19,110,92,73,40,78,59,75.33333333
2059,2019-08-20,125,102,69,44,90,67,82.83333333
2060,2019-08-21,94,93,91,72,70,82,83.66666667
2061,2019-08-22,58,74,111,120,84,86,88.83333333
2062,2019-08-23,45,74,107,97,36,48,67.83333333
2063,2019-08-24,61,92,86,117,55,43,75.66666667
2064,2019-08-25,81,83,62,49,80,89,74
2065,2019-08-26,165,141,71,34,97,70,96.33333333
2066,2019-08-27,81,110,94,59,90,106,90
2067,2019-08-28,19,47,80,142,71,111,78.33333333
2068,2019-08-29,17,20,82,83,53,37,48.66666667
2069,2019-08-30,30,37,142,48,48,34,56.5
2070,2019-08-31,51,63,111,44,102,43,69
2071,2019-09-01,68,80,65,42,77,50,63.66666667
2072,2019-09-02,80,117,46,47,75,51,69.33333333
2073,2019-09-03,136,136,68,65,117,63,97.5
2074,2019-09-04,137,83,112,64,125,89,101.6666667
2075,2019-09-05,119,93,65,83,61,88,84.83333333
2076,2019-09-06,135,134,51,97,112,96,104.1666667
2077,2019-09-07,125,148,76,75,82,100,101
2078,2019-09-08,106,133,107,135,120,162,127.1666667
2079,2019-09-09,160,145,89,105,76,147,120.3333333
2080,2019-09-10,40,68,114,92,56,98,78
2081,2019-09-11,67,51,101,55,50,64,64.66666667
2082,2019-09-12,70,60,73,54,70,81,68
2083,2019-09-13,80,88,65,56,53,69,68.5
2084,2019-09-14,53,91,65,53,59,43,60.66666667
2085,2019-09-15,101,101,59,52,86,63,77
2086,2019-09-16,69,57,64,91,82,76,73.16666667
2087,2019-09-17,129,64,83,67,85,59,81.16666667
2088,2019-09-18,30,62,74,60,46,39,51.83333333
2089,2019-09-19,85,47,98,36,91,48,67.5
2090,2019-09-20,111,128,72,85,96,87,96.5
2091,2019-09-21,143,157,57,77,105,128,111.1666667
2092,2019-09-22,159,151,59,69,63,66,94.5
2093,2019-09-23,94,143,80,69,85,57,88
2094,2019-09-24,51,101,115,152,103,70,98.66666667
2095,2019-09-25,79,62,248,156,124,89,126.3333333
2096,2019-09-26,112,88,86,58,118,113,95.83333333
2097,2019-09-27,131,121,92,58,134,119,109.1666667
2098,2019-09-28,150,149,116,72,124,133,124
2099,2019-09-29,182,133,101,95,162,169,140.3333333
2100,2019-09-30,160,116,98,89,163,187,135.5
2101,2019-10-01,128,114,46,120,141,142,115.1666667
2102,2019-10-02,140,114,57,125,139,138,118.8333333
2103,2019-10-03,148,140,76,117,99,132,118.6666667
2104,2019-10-04,46,41,116,134,39,57,72.16666667
2105,2019-10-05,31,33,92,36,55,27,45.66666667
2106,2019-10-06,80,80,45,69,129,52,75.83333333
2107,2019-10-07,127,114,93,128,122,70,109
2108,2019-10-08,34,61,138,111,67,24,72.5
2109,2019-10-09,94,109,105,96,68,29,83.5
2110,2019-10-10,131,123,65,78,75,104,96
2111,2019-10-11,114,82,113,81,49,113,92
2112,2019-10-12,95,53,135,118,76,113,98.33333333
2113,2019-10-13,80,55,87,135,56,86,83.16666667
2114,2019-10-14,42,48,76,57,48,41,52
2115,2019-10-15,66,109,54,66,119,48,77
2116,2019-10-16,89,129,73,108,135,104,106.3333333
2117,2019-10-17,154,154,82,154,160,119,137.1666667
2118,2019-10-18,156,185,77,172,202,145,156.1666667
2119,2019-10-19,201,203,115,171,170,178,173
2120,2019-10-20,154,171,133,150,164,185,159.5
2121,2019-10-21,63,81,118,164,61,198,114.1666667
2122,2019-10-22,124,114,96,175,179,174,143.6666667
2123,2019-10-23,166,182,112,158,199,167,164
2124,2019-10-24,163,142,90,161,172,148,146
2125,2019-10-25,71,31,123,67,36,31,59.83333333
2126,2019-10-26,98,109,78,80,98,43,84.33333333
2127,2019-10-27,145,157,72,119,147,112,125.3333333
2128,2019-10-28,90,110,144,147,105,109,117.5
2129,2019-10-29,104,94,158,87,55,36,89
2130,2019-10-30,153,164,134,129,120,110,135
2131,2019-10-31,121,128,146,160,101,156,135.3333333
2132,2019-11-01,90,83,125,105,53,72,88
2133,2019-11-02,82,80,160,67,146,70,100.8333333
2134,2019-11-03,97,107,96,93,71,80,90.66666667
2135,2019-11-04,139,145,101,62,164,75,114.3333333
2136,2019-11-05,118,118,67,137,90,91,103.5
2137,2019-11-06,119,100,57,167,148,75,111
2138,2019-11-07,82,68,102,117,70,45,80.66666667
2139,2019-11-08,121,134,53,74,137,119,106.3333333
2140,2019-11-09,162,222,50,159,166,160,153.1666667
2141,2019-11-10,99,99,107,131,124,109,111.5
2142,2019-11-11,69,75,124,92,69,55,80.66666667
2143,2019-11-12,143,131,82,83,101,60,100
2144,2019-11-13,47,69,127,102,64,70,79.83333333
2145,2019-11-14,87,94,75,65,68,48,72.83333333
2146,2019-11-15,101,105,72,75,89,84,87.66666667
2147,2019-11-16,135,102,78,101,143,52,101.8333333
2148,2019-11-17,139,138,86,105,145,74,114.5
2149,2019-11-18,71,68,132,95,64,48,79.66666667
2150,2019-11-19,71,82,103,116,52,49,78.83333333
2151,2019-11-20,156,143,78,142,119,65,117.1666667
2152,2019-11-21,173,179,56,58,126,100,115.3333333
2153,2019-11-22,198,185,82,52,94,55,111
2154,2019-11-23,197,192,72,64,86,101,118.6666667
2155,2019-11-24,42,70,98,80,55,52,66.16666667
2156,2019-11-25,55,56,57,56,110,46,63.33333333
2157,2019-11-26,125,123,62,117,115,93,105.8333333
2158,2019-11-27,36,90,64,93,46,45,62.33333333
2159,2019-11-28,125,81,68,66,101,45,81
2160,2019-11-29,143,144,71,122,161,94,122.5
2161,2019-11-30,121,166,62,147,137,142,129.1666667
2162,2019-12-01,52,55,85,122,71,105,81.66666667
2163,2019-12-02,43,51,143,97,71,36,73.5
2164,2019-12-03,63,125,166,113,92,78,106.1666667
2165,2019-12-04,53,91,180,153,65,122,110.6666667
2166,2019-12-05,76,97,141,126,74,48,93.66666667
2167,2019-12-06,131,112,58,95,142,85,103.8333333
2168,2019-12-07,137,200,109,179,138,96,143.1666667
2169,2019-12-08,212,205,162,188,158,158,180.5
2170,2019-12-09,237,231,172,245,190,213,214.6666667
2171,2019-12-10,154,215,163,252,219,185,198
2172,2019-12-11,37,57,185,176,122,89,111
2173,2019-12-12,65,65,102,88,88,54,77
2174,2019-12-13,82,111,97,111,97,114,102
2175,2019-12-14,61,61,141,111,99,64,89.5
2176,2019-12-15,145,116,64,59,123,81,98
2177,2019-12-16,160,148,97,64,115,77,110.1666667
2178,2019-12-17,45,62,156,131,77,68,89.83333333
2179,2019-12-18,64,64,97,75,95,45,73.33333333
2180,2019-12-19,52,73,86,141,158,99,101.5
2181,2019-12-20,64,74,119,157,134,66,102.3333333
2182,2019-12-21,130,152,93,171,130,173,141.5
2183,2019-12-22,157,192,65,158,176,168,152.6666667
2184,2019-12-23,108,153,101,188,216,105,145.1666667
2185,2019-12-24,164,127,104,134,224,127,146.6666667
2186,2019-12-25,128,148,83,139,164,178,140
2187,2019-12-26,61,111,96,140,176,94,113
2188,2019-12-27,117,151,155,144,202,100,144.8333333
2189,2019-12-28,152,172,146,158,168,160,159.3333333
2190,2019-12-29,156,175,100,169,214,170,164
2191,2019-12-30,NA,NA,NA,NA,NA,NA,138.5833333
2192,2019-12-31,NA,NA,NA,NA,NA,NA,138.5833333
2193,2020-01-01,93,147,52,120,163,104,113.1666667
2194,2020-01-02,132,154,72,165,236,169,154.6666667
2195,2020-01-03,124,191,133,213,222,160,173.8333333
2196,2020-01-04,98,201,137,274,252,168,188.3333333
2197,2020-01-05,152,132,102,212,250,112,160
2198,2020-01-06,149,155,78,62,159,115,119.6666667
2199,2020-01-07,57,106,92,71,187,140,108.8333333
2200,2020-01-08,63,54,119,124,132,80,95.33333333
2201,2020-01-09,127,164,104,167,159,95,136
2202,2020-01-10,83,151,64,176,189,151,135.6666667
2203,2020-01-11,47,79,91,220,114,93,107.3333333
2204,2020-01-12,67,94,181,109,143,70,110.6666667
2205,2020-01-13,51,60,196,169,136,114,121
2206,2020-01-14,62,83,190,120,169,82,117.6666667
2207,2020-01-15,127,210,117,144,241,136,162.5
2208,2020-01-16,107,297,50,173,174,137,156.3333333
2209,2020-01-17,165,299,111,232,201,124,188.6666667
2210,2020-01-18,251,289,158,284,238,186,234.3333333
2211,2020-01-19,94,151,165,216,144,126,149.3333333
2212,2020-01-20,40,64,192,153,129,82,110
2213,2020-01-21,132,117,177,82,125,66,116.5
2214,2020-01-22,158,218,162,68,175,86,144.5
2215,2020-01-23,126,216,96,157,159,168,153.6666667
2216,2020-01-24,154,133,121,163,133,103,134.5
2217,2020-01-25,206,143,54,144,364,209,186.6666667
2218,2020-01-26,231,267,58,162,286,198,200.3333333
2219,2020-01-27,235,276,77,159,184,163,182.3333333
2220,2020-01-28,245,278,164,157,254,258,226
2221,2020-01-29,154,160,156,117,180,173,156.6666667
2222,2020-01-30,133,87,158,63,130,98,111.5
2223,2020-01-31,120,164,126,102,257,110,146.5
2224,2020-02-01,30,66,81,183,145,120,104.1666667
2225,2020-02-02,85,83,88,112,107,143,103
2226,2020-02-03,79,76,160,131,102,105,108.8333333
2227,2020-02-04,38,86,61,95,71,78,71.5
2228,2020-02-05,87,63,77,65,62,65,69.83333333
2229,2020-02-06,119,84,57,69,167,62,93
2230,2020-02-07,160,173,70,89,159,153,134
2231,2020-02-08,127,161,98,174,154,154,144.6666667
2232,2020-02-09,193,203,155,194,196,178,186.5
2233,2020-02-10,195,225,119,175,249,213,196
2234,2020-02-11,244,192,72,121,168,164,160.1666667
2235,2020-02-12,253,173,105,75,120,93,136.5
2236,2020-02-13,261,176,124,118,160,98,156.1666667
2237,2020-02-14,112,116,55,59,83,127,92
2238,2020-02-15,29,44,41,58,78,59,51.5
2239,2020-02-16,18,35,78,59,67,41,49.66666667
2240,2020-02-17,27,45,56,65,89,53,55.83333333
2241,2020-02-18,55,118,61,78,147,107,94.33333333
2242,2020-02-19,126,172,50,105,163,141,126.1666667
2243,2020-02-20,176,169,54,55,184,120,126.3333333
2244,2020-02-21,135,187,75,78,162,129,127.6666667
2245,2020-02-22,25,51,147,63,73,78,72.83333333
2246,2020-02-23,110,125,80,103,97,67,97
2247,2020-02-24,150,169,101,149,113,133,135.8333333
2248,2020-02-25,127,125,143,99,99,119,118.6666667
2249,2020-02-26,94,86,75,104,108,86,92.16666667
2250,2020-02-27,79,79,80,80,127,58,83.83333333
2251,2020-02-28,138,155,90,50,184,86,117.1666667
2252,2020-02-29,167,161,74,92,133,140,127.8333333
2253,2020-03-01,72,107,53,136,116,141,104.1666667
2254,2020-03-02,80,110,82,146,121,72,101.8333333
2255,2020-03-03,99,114,71,90,163,116,108.8333333
2256,2020-03-04,47,49,96,98,108,75,78.83333333
2257,2020-03-05,110,110,80,76,117,80,95.5
2258,2020-03-06,168,167,79,66,134,106,120
2259,2020-03-07,135,177,139,135,125,78,131.5
2260,2020-03-08,171,188,71,110,126,88,125.6666667
2261,2020-03-09,129,157,48,108,137,128,117.8333333
2262,2020-03-10,52,88,92,125,94,71,87
2263,2020-03-11,92,117,143,89,67,59,94.5
2264,2020-03-12,74,118,131,150,73,123,111.5
2265,2020-03-13,42,77,78,83,68,34,63.66666667
2266,2020-03-14,36,84,69,106,102,84,80.16666667
2267,2020-03-15,34,65,106,82,53,60,66.66666667
2268,2020-03-16,87,86,52,44,91,63,70.5
2269,2020-03-17,100,122,321,140,103,131,152.8333333
2270,2020-03-18,119,123,275,169,131,152,161.5
2271,2020-03-19,39,45,106,62,57,25,55.66666667
2272,2020-03-20,94,120,61,90,146,83,99
2273,2020-03-21,86,103,107,155,99,104,109
2274,2020-03-22,98,81,118,87,175,102,110.1666667
2275,2020-03-23,102,117,58,93,105,90,94.16666667
2276,2020-03-24,121,131,85,77,171,133,119.6666667
2277,2020-03-25,192,157,67,69,116,93,115.6666667
2278,2020-03-26,39,63,107,77,95,82,77.16666667
2279,2020-03-27,17,30,62,32,98,42,46.83333333
2280,2020-03-28,37,56,43,40,71,44,48.5
2281,2020-03-29,122,119,43,45,116,43,81.33333333
2282,2020-03-30,156,137,63,66,150,130,117
2283,2020-03-31,151,142,67,84,132,155,121.8333333
2284,2020-04-01,35,79,108,64,89,34,68.16666667
2285,2020-04-02,60,105,68,67,138,101,89.83333333
2286,2020-04-03,65,108,97,144,152,161,121.1666667
2287,2020-04-04,84,77,136,103,72,48,86.66666667
2288,2020-04-05,86,89,56,67,190,48,89.33333333
2289,2020-04-06,152,163,65,82,172,116,125
2290,2020-04-07,126,104,88,133,113,106,111.6666667
2291,2020-04-08,76,73,93,78,155,58,88.83333333
2292,2020-04-09,103,73,111,55,133,91,94.33333333
2293,2020-04-10,117,127,86,113,136,134,118.8333333
2294,2020-04-11,79,97,86,146,196,104,118
2295,2020-04-12,69,90,136,158,147,118,119.6666667
2296,2020-04-13,88,128,147,133,179,124,133.1666667
2297,2020-04-14,153,162,157,83,179,154,148
2298,2020-04-15,151,150,130,85,191,160,144.5
2299,2020-04-16,83,130,116,80,162,128,116.5
2300,2020-04-17,80,97,132,84,116,133,107
2301,2020-04-18,100,156,123,83,160,164,131
2302,2020-04-19,122,155,104,70,177,164,132
2303,2020-04-20,39,50,144,NA,46,55,66.8
2304,2020-04-21,40,43,80,NA,81,28,54.4
2305,2020-04-22,36,53,82,52,60,57,56.66666667
2306,2020-04-23,35,45,83,63,77,47,58.33333333
2307,2020-04-24,65,88,113,82,91,73,85.33333333
2308,2020-04-25,55,72,126,75,58,74,76.66666667
2309,2020-04-26,94,82,105,72,93,74,86.66666667
2310,2020-04-27,141,146,70,100,105,98,110
2311,2020-04-28,157,149,77,94,128,147,125.3333333
2312,2020-04-29,150,139,75,90,157,122,122.1666667
2313,2020-04-30,185,142,111,109,106,77,121.6666667
2314,2020-05-01,189,141,116,139,100,87,128.6666667
2315,2020-05-02,149,127,98,77,102,108,110.1666667
2316,2020-05-03,143,90,137,52,66,74,93.66666667
2317,2020-05-04,109,86,137,64,65,63,87.33333333
2318,2020-05-05,150,120,92,68,108,108,107.6666667
2319,2020-05-06,160,153,84,60,63,108,104.6666667
2320,2020-05-07,160,157,87,67,108,68,107.8333333
2321,2020-05-08,107,86,64,40,81,67,74.16666667
2322,2020-05-09,100,123,125,66,77,61,92
2323,2020-05-10,72,80,153,149,112,101,111.1666667
2324,2020-05-11,54,59,147,111,107,39,86.16666667
2325,2020-05-12,63,85,79,63,69,49,68
2326,2020-05-13,108,130,69,56,133,69,94.16666667
2327,2020-05-14,95,104,75,39,117,72,83.66666667
2328,2020-05-15,115,118,98,101,58,44,89
2329,2020-05-16,124,127,164,159,84,53,118.5
2330,2020-05-17,66,92,163,120,95,96,105.3333333
2331,2020-05-18,41,61,116,74,82,48,70.33333333
2332,2020-05-19,68,65,126,68,40,46,68.83333333
2333,2020-05-20,69,149,118,68,65,86,92.5
