,DATE,SEOUL,DAEJEON,BUSAN,KOREA
367,2015-01-01,32,NA,NA,32
368,2015-01-02,43,NA,47,45
369,2015-01-03,48,40,60,49.33333333
370,2015-01-04,71,51,97,73
371,2015-01-05,40,78,50,56
372,2015-01-06,39,48,37,41.33333333
373,2015-01-07,47,43,64,51.33333333
374,2015-01-08,53,48,67,56
375,2015-01-09,44,62,70,58.66666667
376,2015-01-10,50,54,70,58
377,2015-01-11,49,44,67,53.33333333
378,2015-01-12,62,58,68,62.66666667
379,2015-01-13,72,70,69,70.33333333
380,2015-01-14,64,73,57,64.66666667
381,2015-01-15,77,75,86,79.33333333
382,2015-01-16,39,78,54,57
383,2015-01-17,36,44,36,38.66666667
384,2015-01-18,64,36,80,60
385,2015-01-19,52,66,77,65
386,2015-01-20,64,56,79,66.33333333
387,2015-01-21,50,70,55,58.33333333
388,2015-01-22,46,58,62,55.33333333
389,2015-01-23,57,60,76,64.33333333
390,2015-01-24,67,56,74,65.66666667
391,2015-01-25,44,64,67,58.33333333
392,2015-01-26,54,57,65,58.66666667
393,2015-01-27,50,58,46,51.33333333
394,2015-01-28,56,49,42,49
395,2015-01-29,43,59,48,50
396,2015-01-30,46,52,44,47.33333333
397,2015-01-31,34,43,51,42.66666667
398,2015-02-01,48,49,61,52.66666667
399,2015-02-02,64,61,61,62
400,2015-02-03,76,69,68,71
401,2015-02-04,83,77,74,78
402,2015-02-05,58,78,64,66.66666667
403,2015-02-06,53,56,63,57.33333333
404,2015-02-07,87,52,61,66.66666667
405,2015-02-08,41,62,42,48.33333333
406,2015-02-09,82,40,72,64.66666667
407,2015-02-10,79,72,79,76.66666667
408,2015-02-11,42,74,69,61.66666667
409,2015-02-12,36,56,44,45.33333333
410,2015-02-13,58,46,60,54.66666667
411,2015-02-14,76,67,91,78
412,2015-02-15,46,81,65,64
413,2015-02-16,62,25,68,51.66666667
414,2015-02-17,63,68,62,64.33333333
415,2015-02-18,64,63,56,61
416,2015-02-19,57,57,42,52
417,2015-02-20,29,55,46,43.33333333
418,2015-02-21,202,29,65,98.66666667
419,2015-02-22,554,77,142,257.6666667
420,2015-02-23,91,289,108,162.6666667
421,2015-02-24,70,82,93,81.66666667
422,2015-02-25,39,66,80,61.66666667
423,2015-02-26,34,54,46,44.66666667
424,2015-02-27,50,39,59,49.33333333
425,2015-02-28,80,56,39,58.33333333
426,2015-03-01,80,69,79,76
427,2015-03-02,55,78,56,63
428,2015-03-03,45,59,51,51.66666667
429,2015-03-04,49,55,57,53.66666667
430,2015-03-05,52,53,55,53.33333333
431,2015-03-06,55,57,55,55.66666667
432,2015-03-07,70,61,53,61.33333333
433,2015-03-08,64,63,56,61
434,2015-03-09,33,67,47,49
435,2015-03-10,43,50,59,50.66666667
436,2015-03-11,37,57,64,52.66666667
437,2015-03-12,50,39,76,55
438,2015-03-13,43,63,63,56.33333333
439,2015-03-14,48,56,59,54.33333333
440,2015-03-15,78,55,82,71.66666667
441,2015-03-16,106,84,92,94
442,2015-03-17,77,107,52,78.66666667
443,2015-03-18,58,53,49,53.33333333
444,2015-03-19,87,39,79,68.33333333
445,2015-03-20,127,78,86,97
446,2015-03-21,115,101,103,106.3333333
447,2015-03-22,58,107,55,73.33333333
448,2015-03-23,49,57,60,55.33333333
449,2015-03-24,48,50,66,54.66666667
450,2015-03-25,51,46,64,53.66666667
451,2015-03-26,59,58,71,62.66666667
452,2015-03-27,52,68,61,60.33333333
453,2015-03-28,64,56,53,57.66666667
454,2015-03-29,115,71,74,86.66666667
455,2015-03-30,98,107,80,95
456,2015-03-31,29,90,54,57.66666667
457,2015-04-01,26,40,53,39.66666667
458,2015-04-02,35,36,54,41.66666667
459,2015-04-03,18,32,38,29.33333333
460,2015-04-04,18,26,35,26.33333333
461,2015-04-05,54,12,45,37
462,2015-04-06,46,49,53,49.33333333
463,2015-04-07,30,37,51,39.33333333
464,2015-04-08,55,56,52,54.33333333
465,2015-04-09,58,64,51,57.66666667
466,2015-04-10,68,63,54,61.66666667
467,2015-04-11,55,52,54,53.66666667
468,2015-04-12,30,24,29,27.66666667
469,2015-04-13,23,25,38,28.66666667
470,2015-04-14,40,48,58,48.66666667
471,2015-04-15,72,70,71,71
472,2015-04-16,68,56,89,71
473,2015-04-17,62,57,67,62
474,2015-04-18,36,37,45,39.33333333
475,2015-04-19,13,22,31,22
476,2015-04-20,45,42,63,50
477,2015-04-21,67,60,74,67
478,2015-04-22,63,60,75,66
479,2015-04-23,68,65,82,71.66666667
480,2015-04-24,61,61,82,68
481,2015-04-25,40,55,68,54.33333333
482,2015-04-26,57,60,85,67.33333333
483,2015-04-27,49,54,73,58.66666667
484,2015-04-28,50,30,53,44.33333333
485,2015-04-29,34,34,63,43.66666667
486,2015-04-30,48,51,52,50.33333333
487,2015-05-01,39,55,56,50
488,2015-05-02,28,37,43,36
489,2015-05-03,50,55,59,54.66666667
490,2015-05-04,42,40,63,48.33333333
491,2015-05-05,49,55,66,56.66666667
492,2015-05-06,47,63,63,57.66666667
493,2015-05-07,57,54,69,60
494,2015-05-08,45,57,73,58.33333333
495,2015-05-09,44,58,62,54.66666667
496,2015-05-10,48,45,58,50.33333333
497,2015-05-11,37,37,49,41
498,2015-05-12,61,64,77,67.33333333
499,2015-05-13,56,56,61,57.66666667
500,2015-05-14,86,100,67,84.33333333
501,2015-05-15,54,86,71,70.33333333
502,2015-05-16,57,50,66,57.66666667
503,2015-05-17,48,51,55,51.33333333
504,2015-05-18,51,55,59,55
505,2015-05-19,46,48,62,52
506,2015-05-20,46,41,56,47.66666667
507,2015-05-21,55,48,58,53.66666667
508,2015-05-22,49,49,58,52
509,2015-05-23,34,41,59,44.66666667
510,2015-05-24,46,42,68,52
511,2015-05-25,44,48,70,54
512,2015-05-26,43,48,72,54.33333333
513,2015-05-27,44,49,67,53.33333333
514,2015-05-28,49,56,59,54.66666667
515,2015-05-29,44,49,66,53
516,2015-05-30,44,53,59,52
517,2015-05-31,40,43,61,48
518,2015-06-01,39,44,60,47.66666667
519,2015-06-02,45,52,55,50.66666667
520,2015-06-03,43,40,55,46
521,2015-06-04,36,28,47,37
522,2015-06-05,35,31,39,35
523,2015-06-06,34,34,33,33.66666667
524,2015-06-07,39,41,53,44.33333333
525,2015-06-08,48,57,65,56.66666667
526,2015-06-09,52,58,71,60.33333333
527,2015-06-10,43,49,45,45.66666667
528,2015-06-11,47,62,69,59.33333333
529,2015-06-12,72,75,83,76.66666667
530,2015-06-13,34,57,54,48.33333333
531,2015-06-14,40,55,58,51
532,2015-06-15,51,72,79,67.33333333
533,2015-06-16,40,57,55,50.66666667
534,2015-06-17,31,34,50,38.33333333
535,2015-06-18,23,34,39,32
536,2015-06-19,40,54,50,48
537,2015-06-20,23,23,50,32
538,2015-06-21,34,45,56,45
539,2015-06-22,36,35,54,41.66666667
540,2015-06-23,45,57,62,54.66666667
541,2015-06-24,44,50,49,47.66666667
542,2015-06-25,13,17,40,23.33333333
543,2015-06-26,11,23,38,24
544,2015-06-27,25,31,40,32
545,2015-06-28,25,42,45,37.33333333
546,2015-06-29,33,49,45,42.33333333
547,2015-06-30,34,30,41,35
548,2015-07-01,48,41,53,47.33333333
549,2015-07-02,44,57,65,55.33333333
550,2015-07-03,34,26,46,35.33333333
551,2015-07-04,38,29,40,35.66666667
552,2015-07-05,33,37,44,38
553,2015-07-06,39,31,34,34.66666667
554,2015-07-07,11,13,27,17
555,2015-07-08,11,12,29,17.33333333
556,2015-07-09,19,19,33,23.66666667
557,2015-07-10,30,30,39,33
558,2015-07-11,11,11,32,18
559,2015-07-12,27,35,52,38
560,2015-07-13,66,82,77,75
561,2015-07-14,53,66,81,66.66666667
562,2015-07-15,12,19,53,28
563,2015-07-16,12,15,37,21.33333333
564,2015-07-17,30,29,40,33
565,2015-07-18,26,56,38,40
566,2015-07-19,23,28,35,28.66666667
567,2015-07-20,27,23,42,30.66666667
568,2015-07-21,34,29,49,37.33333333
569,2015-07-22,27,31,41,33
570,2015-07-23,15,24,44,27.66666667
571,2015-07-24,20,26,34,26.66666667
572,2015-07-25,19,23,37,26.33333333
573,2015-07-26,30,30,44,34.66666667
574,2015-07-27,40,34,53,42.33333333
575,2015-07-28,36,50,56,47.33333333
576,2015-07-29,68,60,62,63.33333333
577,2015-07-30,59,48,56,54.33333333
578,2015-07-31,51,41,62,51.33333333
579,2015-08-01,34,38,48,40
580,2015-08-02,34,34,43,37
581,2015-08-03,28,30,38,32
582,2015-08-04,35,38,63,45.33333333
583,2015-08-05,36,42,67,48.33333333
584,2015-08-06,42,54,59,51.66666667
585,2015-08-07,36,50,52,46
586,2015-08-08,22,31,60,37.66666667
587,2015-08-09,31,36,61,42.66666667
588,2015-08-10,59,49,58,55.33333333
589,2015-08-11,53,20,28,33.66666667
590,2015-08-12,43,32,33,36
591,2015-08-13,41,43,57,47
592,2015-08-14,59,55,64,59.33333333
593,2015-08-15,67,55,50,57.33333333
594,2015-08-16,28,34,33,31.66666667
595,2015-08-17,23,26,36,28.33333333
596,2015-08-18,39,28,39,35.33333333
597,2015-08-19,37,25,49,37
598,2015-08-20,31,27,33,30.33333333
599,2015-08-21,40,54,47,47
600,2015-08-22,39,60,56,51.66666667
601,2015-08-23,33,43,38,38
602,2015-08-24,8,13,28,16.33333333
603,2015-08-25,10,20,31,20.33333333
604,2015-08-26,22,25,44,30.33333333
605,2015-08-27,31,34,52,39
606,2015-08-28,35,37,64,45.33333333
607,2015-08-29,36,42,72,50
608,2015-08-30,37,44,53,44.66666667
609,2015-08-31,27,29,34,30
610,2015-09-01,27,29,37,31
611,2015-09-02,26,36,49,37
612,2015-09-03,33,39,51,41
613,2015-09-04,36,44,40,40
614,2015-09-05,15,24,30,23
615,2015-09-06,13,25,32,23.33333333
616,2015-09-07,13,22,39,24.66666667
617,2015-09-08,17,28,40,28.33333333
618,2015-09-09,30,36,44,36.66666667
619,2015-09-10,44,48,65,52.33333333
620,2015-09-11,22,33,50,35
621,2015-09-12,23,29,37,29.66666667
622,2015-09-13,35,35,43,37.66666667
623,2015-09-14,30,29,39,32.66666667
624,2015-09-15,17,26,33,25.33333333
625,2015-09-16,13,21,22,18.66666667
626,2015-09-17,19,28,33,26.66666667
627,2015-09-18,34,42,36,37.33333333
628,2015-09-19,52,46,42,46.66666667
629,2015-09-20,53,60,37,50
630,2015-09-21,46,48,33,42.33333333
631,2015-09-22,45,45,58,49.33333333
632,2015-09-23,42,32,49,41
633,2015-09-24,38,33,56,42.33333333
634,2015-09-25,53,48,60,53.66666667
635,2015-09-26,39,49,65,51
636,2015-09-27,33,41,71,48.33333333
637,2015-09-28,28,40,67,45
638,2015-09-29,19,26,49,31.33333333
639,2015-09-30,18,22,39,26.33333333
640,2015-10-01,32,36,39,35.66666667
641,2015-10-02,45,56,45,48.66666667
642,2015-10-03,30,42,52,41.33333333
643,2015-10-04,32,46,35,37.66666667
644,2015-10-05,35,54,41,43.33333333
645,2015-10-06,47,60,36,47.66666667
646,2015-10-07,59,63,49,57
647,2015-10-08,36,42,57,45
648,2015-10-09,26,44,44,38
649,2015-10-10,18,25,39,27.33333333
650,2015-10-11,19,28,45,30.66666667
651,2015-10-12,30,33,42,35
652,2015-10-13,53,56,46,51.66666667
653,2015-10-14,62,62,56,60
654,2015-10-15,73,72,50,65
655,2015-10-16,64,73,32,56.33333333
656,2015-10-17,71,65,49,61.66666667
657,2015-10-18,87,71,57,71.66666667
658,2015-10-19,89,92,78,86.33333333
659,2015-10-20,97,104,72,91
660,2015-10-21,78,91,57,75.33333333
661,2015-10-22,55,90,46,63.66666667
662,2015-10-23,38,76,68,60.66666667
663,2015-10-24,33,44,40,39
664,2015-10-25,37,37,32,35.33333333
665,2015-10-26,37,55,59,50.33333333
666,2015-10-27,34,46,70,50
667,2015-10-28,25,40,56,40.33333333
668,2015-10-29,32,42,47,40.33333333
669,2015-10-30,32,45,35,37.33333333
670,2015-10-31,45,53,46,48
671,2015-11-01,56,58,52,55.33333333
672,2015-11-02,71,70,59,66.66666667
673,2015-11-03,81,72,57,70
674,2015-11-04,76,74,61,70.33333333
675,2015-11-05,54,72,59,61.66666667
676,2015-11-06,12,20,37,23
677,2015-11-07,5,14,28,15.66666667
678,2015-11-08,12,31,27,23.33333333
679,2015-11-09,51,67,34,50.66666667
680,2015-11-10,45,70,29,48
681,2015-11-11,17,40,30,29
682,2015-11-12,15,20,27,20.66666667
683,2015-11-13,12,27,42,27
684,2015-11-14,21,34,49,34.66666667
685,2015-11-15,31,41,46,39.33333333
686,2015-11-16,19,36,45,33.33333333
687,2015-11-17,12,21,23,18.66666667
688,2015-11-18,16,21,33,23.33333333
689,2015-11-19,38,44,44,42
690,2015-11-20,52,69,49,56.66666667
691,2015-11-21,33,59,50,47.33333333
692,2015-11-22,9,32,41,27.33333333
693,2015-11-23,27,50,39,38.66666667
694,2015-11-24,13,21,32,22
695,2015-11-25,37,38,30,35
696,2015-11-26,45,59,36,46.66666667
697,2015-11-27,49,54,38,47
698,2015-11-28,44,61,49,51.33333333
699,2015-11-29,49,63,54,55.33333333
700,2015-11-30,61,69,62,64
701,2015-12-01,57,75,54,62
702,2015-12-02,21,40,50,37
703,2015-12-03,46,43,34,41
704,2015-12-04,38,54,43,45
705,2015-12-05,38,55,55,49.33333333
706,2015-12-06,55,74,53,60.66666667
707,2015-12-07,63,71,42,58.66666667
708,2015-12-08,73,86,43,67.33333333
709,2015-12-09,48,69,36,51
710,2015-12-10,36,53,33,40.66666667
711,2015-12-11,31,NA,NA,31
712,2015-12-12,44,NA,NA,44
713,2015-12-13,50,30,40,40
714,2015-12-14,59,52,45,52
715,2015-12-15,32,35,43,36.66666667
716,2015-12-16,21,40,31,30.66666667
717,2015-12-17,46,47,41,44.66666667
718,2015-12-18,65,66,54,61.66666667
719,2015-12-19,59,74,53,62
720,2015-12-20,55,60,49,54.66666667
721,2015-12-21,64,60,54,59.33333333
722,2015-12-22,58,59,48,55
723,2015-12-23,88,77,55,73.33333333
724,2015-12-24,32,40,40,37.33333333
725,2015-12-25,68,75,63,68.66666667
726,2015-12-26,33,51,75,53
727,2015-12-27,27,43,38,36
728,2015-12-28,61,54,47,54
729,2015-12-29,62,63,57,60.66666667
730,2015-12-30,NA,NA,NA,62.16666667
731,2015-12-31,NA,NA,NA,62.16666667
732,2016-01-01,NA,NA,NA,62.16666667
733,2016-01-02,NA,NA,NA,62.16666667
734,2016-01-03,47,66,78,63.66666667
735,2016-01-04,34,39,53,42
736,2016-01-05,58,62,45,55
737,2016-01-06,45,51,53,49.66666667
738,2016-01-07,36,41,38,38.33333333
739,2016-01-08,40,44,42,42
740,2016-01-09,36,52,45,44.33333333
741,2016-01-10,43,55,45,47.66666667
742,2016-01-11,53,54,41,49.33333333
743,2016-01-12,42,40,43,41.66666667
744,2016-01-13,50,51,45,48.66666667
745,2016-01-14,51,63,65,59.66666667
746,2016-01-15,70,78,72,73.33333333
747,2016-01-16,71,71,57,66.33333333
748,2016-01-17,56,47,42,48.33333333
749,2016-01-18,37,37,43,39
750,2016-01-19,42,45,39,42
751,2016-01-20,53,54,45,50.66666667
752,2016-01-21,55,54,42,50.33333333
753,2016-01-22,35,38,49,40.66666667
754,2016-01-23,43,34,40,39
755,2016-01-24,55,54,44,51
756,2016-01-25,77,66,52,65
757,2016-01-26,66,69,70,68.33333333
758,2016-01-27,60,76,66,67.33333333
759,2016-01-28,54,38,25,39
760,2016-01-29,42,44,37,41
761,2016-01-30,44,47,56,49
762,2016-01-31,43,43,40,42
763,2016-02-01,49,47,46,47.33333333
764,2016-02-02,62,60,49,57
765,2016-02-03,61,59,57,59
766,2016-02-04,50,55,47,50.66666667
767,2016-02-05,56,51,48,51.66666667
768,2016-02-06,51,46,45,47.33333333
769,2016-02-07,64,60,48,57.33333333
770,2016-02-08,59,55,54,56
771,2016-02-09,43,48,43,44.66666667
772,2016-02-10,51,57,50,52.66666667
773,2016-02-11,40,50,49,46.33333333
774,2016-02-12,17,41,34,30.66666667
775,2016-02-13,32,37,30,33
776,2016-02-14,36,43,37,38.66666667
777,2016-02-15,32,40,45,39
778,2016-02-16,43,44,41,42.66666667
779,2016-02-17,48,52,54,51.33333333
780,2016-02-18,79,74,59,70.66666667
781,2016-02-19,51,71,66,62.66666667
782,2016-02-20,29,38,46,37.66666667
783,2016-02-21,46,49,51,48.66666667
784,2016-02-22,55,62,66,61
785,2016-02-23,36,40,48,41.33333333
786,2016-02-24,51,46,45,47.33333333
787,2016-02-25,52,61,68,60.33333333
788,2016-02-26,69,58,81,69.33333333
789,2016-02-27,50,64,80,64.66666667
790,2016-02-28,61,53,46,53.33333333
791,2016-02-29,36,43,48,42.33333333
792,2016-03-01,42,44,59,48.33333333
793,2016-03-02,57,61,45,54.33333333
794,2016-03-03,73,72,43,62.66666667
795,2016-03-04,26,31,62,39.66666667
796,2016-03-05,78,52,43,57.66666667
797,2016-03-06,98,83,61,80.66666667
798,2016-03-07,68,78,66,70.66666667
799,2016-03-08,49,54,44,49
800,2016-03-09,38,52,47,45.66666667
801,2016-03-10,39,48,47,44.66666667
802,2016-03-11,51,57,53,53.66666667
803,2016-03-12,63,70,66,66.33333333
804,2016-03-13,66,77,78,73.66666667
805,2016-03-14,59,68,62,63
806,2016-03-15,66,63,65,64.66666667
807,2016-03-16,73,74,67,71.33333333
808,2016-03-17,67,51,41,53
809,2016-03-18,75,59,57,63.66666667
810,2016-03-19,79,62,50,63.66666667
811,2016-03-20,82,61,40,61
812,2016-03-21,72,62,56,63.33333333
813,2016-03-22,75,64,54,64.33333333
814,2016-03-23,43,49,36,42.66666667
815,2016-03-24,72,58,40,56.66666667
816,2016-03-25,69,60,43,57.33333333
817,2016-03-26,69,56,50,58.33333333
818,2016-03-27,67,64,60,63.66666667
819,2016-03-28,87,80,73,80
820,2016-03-29,85,65,69,73
821,2016-03-30,55,71,82,69.33333333
822,2016-03-31,72,78,85,78.33333333
823,2016-04-01,77,76,68,73.66666667
824,2016-04-02,56,72,51,59.66666667
825,2016-04-03,30,34,34,32.66666667
826,2016-04-04,63,47,53,54.33333333
827,2016-04-05,71,69,63,67.66666667
828,2016-04-06,48,33,31,37.33333333
829,2016-04-07,69,72,67,69.33333333
830,2016-04-08,98,104,86,96
831,2016-04-09,111,117,90,106
832,2016-04-10,52,52,50,51.33333333
833,2016-04-11,61,46,50,52.33333333
834,2016-04-12,63,32,45,46.66666667
835,2016-04-13,61,46,58,55
836,2016-04-14,59,58,57,58
837,2016-04-15,60,52,54,55.33333333
838,2016-04-16,42,35,44,40.33333333
839,2016-04-17,66,49,47,54
840,2016-04-18,50,45,50,48.33333333
841,2016-04-19,66,51,50,55.66666667
842,2016-04-20,32,37,39,36
843,2016-04-21,68,60,53,60.33333333
844,2016-04-22,143,108,124,125
845,2016-04-23,124,122,126,124
846,2016-04-24,76,103,78,85.66666667
847,2016-04-25,79,72,68,73
848,2016-04-26,58,43,35,45.33333333
849,2016-04-27,60,42,39,47
850,2016-04-28,67,56,48,57
851,2016-04-29,78,57,62,65.66666667
852,2016-04-30,51,49,56,52
853,2016-05-01,56,50,56,54
854,2016-05-02,22,25,45,30.66666667
855,2016-05-03,55,52,71,59.33333333
856,2016-05-04,61,52,54,55.66666667
857,2016-05-05,47,41,50,46
858,2016-05-06,99,115,106,106.6666667
859,2016-05-07,60,51,109,73.33333333
860,2016-05-08,64,66,76,68.66666667
861,2016-05-09,36,43,48,42.33333333
862,2016-05-10,33,31,36,33.33333333
863,2016-05-11,33,38,47,39.33333333
864,2016-05-12,41,42,46,43
865,2016-05-13,40,39,41,40
866,2016-05-14,40,39,43,40.66666667
867,2016-05-15,35,35,41,37
868,2016-05-16,69,55,56,60
869,2016-05-17,55,58,59,57.33333333
870,2016-05-18,45,56,51,50.66666667
871,2016-05-19,50,56,52,52.66666667
872,2016-05-20,43,38,53,44.66666667
873,2016-05-21,59,48,51,52.66666667
874,2016-05-22,72,53,64,63
875,2016-05-23,37,36,52,41.66666667
876,2016-05-24,82,57,57,65.33333333
877,2016-05-25,94,75,81,83.33333333
878,2016-05-26,84,76,80,80
879,2016-05-27,78,61,77,72
880,2016-05-28,80,58,55,64.33333333
881,2016-05-29,84,67,60,70.33333333
882,2016-05-30,81,63,73,72.33333333
883,2016-05-31,47,54,51,50.66666667
884,2016-06-01,38,41,36,38.33333333
885,2016-06-02,51,53,47,50.33333333
886,2016-06-03,58,63,48,56.33333333
887,2016-06-04,55,47,35,45.66666667
888,2016-06-05,27,24,41,30.66666667
889,2016-06-06,43,37,57,45.66666667
890,2016-06-07,44,47,60,50.33333333
891,2016-06-08,58,50,69,59
892,2016-06-09,65,59,54,59.33333333
893,2016-06-10,55,43,55,51
894,2016-06-11,32,37,48,39
895,2016-06-12,65,46,54,55
896,2016-06-13,58,57,56,57
897,2016-06-14,41,45,51,45.66666667
898,2016-06-15,32,36,52,40
899,2016-06-16,58,45,45,49.33333333
900,2016-06-17,68,47,52,55.66666667
901,2016-06-18,46,45,42,44.33333333
902,2016-06-19,54,48,57,53
903,2016-06-20,61,41,45,49
904,2016-06-21,69,42,50,53.66666667
905,2016-06-22,41,41,48,43.33333333
906,2016-06-23,48,41,50,46.33333333
907,2016-06-24,34,32,41,35.66666667
908,2016-06-25,36,34,48,39.33333333
909,2016-06-26,38,33,80,50.33333333
910,2016-06-27,64,39,56,53
911,2016-06-28,42,35,46,41
912,2016-06-29,31,32,45,36
913,2016-06-30,26,18,33,25.66666667
914,2016-07-01,14,18,35,22.33333333
915,2016-07-02,43,31,41,38.33333333
916,2016-07-03,28,16,46,30
917,2016-07-04,13,20,42,25
918,2016-07-05,18,21,36,25
919,2016-07-06,40,22,52,38
920,2016-07-07,60,27,42,43
921,2016-07-08,45,51,35,43.66666667
922,2016-07-09,39,39,54,44
923,2016-07-10,55,47,46,49.33333333
924,2016-07-11,41,32,35,36
925,2016-07-12,31,47,46,41.33333333
926,2016-07-13,31,33,58,40.66666667
927,2016-07-14,20,18,38,25.33333333
928,2016-07-15,11,18,33,20.66666667
929,2016-07-16,15,15,42,24
930,2016-07-17,30,22,60,37.33333333
931,2016-07-18,40,39,49,42.66666667
932,2016-07-19,40,40,38,39.33333333
933,2016-07-20,35,29,33,32.33333333
934,2016-07-21,40,42,34,38.66666667
935,2016-07-22,48,44,40,44
936,2016-07-23,41,37,44,40.66666667
937,2016-07-24,49,37,48,44.66666667
938,2016-07-25,38,32,46,38.66666667
939,2016-07-26,38,32,43,37.66666667
940,2016-07-27,56,48,47,50.33333333
941,2016-07-28,47,54,50,50.33333333
942,2016-07-29,48,40,48,45.33333333
943,2016-07-30,43,46,50,46.33333333
944,2016-07-31,35,41,60,45.33333333
945,2016-08-01,29,46,51,42
946,2016-08-02,31,36,51,39.33333333
947,2016-08-03,34,30,48,37.33333333
948,2016-08-04,43,37,43,41
949,2016-08-05,62,46,44,50.66666667
950,2016-08-06,41,38,51,43.33333333
951,2016-08-07,47,46,60,51
952,2016-08-08,33,36,53,40.66666667
953,2016-08-09,59,45,46,50
954,2016-08-10,37,44,61,47.33333333
955,2016-08-11,50,40,67,52.33333333
956,2016-08-12,39,37,64,46.66666667
957,2016-08-13,41,40,56,45.66666667
958,2016-08-14,44,39,61,48
959,2016-08-15,56,47,55,52.66666667
960,2016-08-16,50,54,43,49
961,2016-08-17,60,48,42,50
962,2016-08-18,68,39,46,51
963,2016-08-19,40,40,44,41.33333333
964,2016-08-20,33,22,40,31.66666667
965,2016-08-21,35,36,43,38
966,2016-08-22,38,36,43,39
967,2016-08-23,43,30,39,37.33333333
968,2016-08-24,35,40,42,39
969,2016-08-25,16,25,45,28.66666667
970,2016-08-26,15,22,40,25.66666667
971,2016-08-27,13,19,26,19.33333333
972,2016-08-28,18,21,31,23.33333333
973,2016-08-29,36,28,50,38
974,2016-08-30,21,34,57,37.33333333
975,2016-08-31,63,61,61,61.66666667
976,2016-09-01,42,32,48,40.66666667
977,2016-09-02,26,17,44,29
978,2016-09-03,27,27,49,34.33333333
979,2016-09-04,35,41,42,39.33333333
980,2016-09-05,63,52,60,58.33333333
981,2016-09-06,78,56,70,68
982,2016-09-07,57,51,54,54
983,2016-09-08,50,51,56,52.33333333
984,2016-09-09,48,51,53,50.66666667
985,2016-09-10,47,34,40,40.33333333
986,2016-09-11,34,33,38,35
987,2016-09-12,20,26,39,28.33333333
988,2016-09-13,37,35,34,35.33333333
989,2016-09-14,47,41,40,42.66666667
990,2016-09-15,58,41,47,48.66666667
991,2016-09-16,35,18,34,29
992,2016-09-17,27,16,28,23.66666667
993,2016-09-18,15,22,35,24
994,2016-09-19,19,20,38,25.66666667
995,2016-09-20,38,35,50,41
996,2016-09-21,45,39,52,45.33333333
997,2016-09-22,56,42,47,48.33333333
998,2016-09-23,66,49,44,53
999,2016-09-24,56,52,40,49.33333333
1000,2016-09-25,51,43,47,47
1001,2016-09-26,42,30,55,42.33333333
1002,2016-09-27,39,47,44,43.33333333
1003,2016-09-28,17,32,36,28.33333333
1004,2016-09-29,34,27,38,33
1005,2016-09-30,53,30,46,43
1006,2016-10-01,35,27,38,33.33333333
1007,2016-10-02,19,25,44,29.33333333
1008,2016-10-03,36,37,45,39.33333333
1009,2016-10-04,28,27,33,29.33333333
1010,2016-10-05,44,39,45,42.66666667
1011,2016-10-06,30,35,40,35
1012,2016-10-07,23,24,35,27.33333333
1013,2016-10-08,20,27,36,27.66666667
1014,2016-10-09,30,37,36,34.33333333
1015,2016-10-10,45,46,45,45.33333333
1016,2016-10-11,59,50,54,54.33333333
1017,2016-10-12,46,42,54,47.33333333
1018,2016-10-13,70,60,57,62.33333333
1019,2016-10-14,79,72,61,70.66666667
1020,2016-10-15,60,51,41,50.66666667
1021,2016-10-16,57,39,37,44.33333333
1022,2016-10-17,60,57,55,57.33333333
1023,2016-10-18,66,51,56,57.66666667
1024,2016-10-19,67,60,64,63.66666667
1025,2016-10-20,27,42,49,39.33333333
1026,2016-10-21,35,35,41,37
1027,2016-10-22,13,23,36,24
1028,2016-10-23,19,25,35,26.33333333
1029,2016-10-24,17,28,42,29
1030,2016-10-25,46,44,49,46.33333333
1031,2016-10-26,52,48,50,50
1032,2016-10-27,43,34,33,36.66666667
1033,2016-10-28,41,41,53,45
1034,2016-10-29,28,37,48,37.66666667
1035,2016-10-30,34,44,50,42.66666667
1036,2016-10-31,25,29,48,34
1037,2016-11-01,39,38,45,40.66666667
1038,2016-11-02,46,53,60,53
1039,2016-11-03,65,56,69,63.33333333
1040,2016-11-04,74,62,62,66
1041,2016-11-05,34,46,52,44
1042,2016-11-06,38,45,52,45
1043,2016-11-07,65,50,55,56.66666667
1044,2016-11-08,46,53,54,51
1045,2016-11-09,47,49,39,45
1046,2016-11-10,50,50,56,52
1047,2016-11-11,75,66,68,69.66666667
1048,2016-11-12,64,57,65,62
1049,2016-11-13,55,59,56,56.66666667
1050,2016-11-14,62,55,59,58.66666667
1051,2016-11-15,59,55,62,58.66666667
1052,2016-11-16,68,69,73,70
1053,2016-11-17,85,80,68,77.66666667
1054,2016-11-18,62,56,51,56.33333333
1055,2016-11-19,47,51,51,49.66666667
1056,2016-11-20,64,61,52,59
1057,2016-11-21,46,39,52,45.66666667
1058,2016-11-22,42,39,43,41.33333333
1059,2016-11-23,29,33,41,34.33333333
1060,2016-11-24,39,44,43,42
1061,2016-11-25,58,57,58,57.66666667
1062,2016-11-26,71,47,53,57
1063,2016-11-27,73,65,77,71.66666667
1064,2016-11-28,41,50,51,47.33333333
1065,2016-11-29,49,52,52,51
1066,2016-11-30,50,52,58,53.33333333
1067,2016-12-01,37,51,46,44.66666667
1068,2016-12-02,55,60,55,56.66666667
1069,2016-12-03,76,65,58,66.33333333
1070,2016-12-04,80,81,86,82.33333333
1071,2016-12-05,27,32,55,38
1072,2016-12-06,51,50,59,53.33333333
1073,2016-12-07,60,62,74,65.33333333
1074,2016-12-08,37,47,69,51
1075,2016-12-09,36,39,44,39.66666667
1076,2016-12-10,36,45,42,41
1077,2016-12-11,47,61,62,56.66666667
1078,2016-12-12,63,61,64,62.66666667
1079,2016-12-13,58,51,62,57
1080,2016-12-14,38,34,56,42.66666667
1081,2016-12-15,35,41,46,40.66666667
1082,2016-12-16,63,43,49,51.66666667
1083,2016-12-17,55,44,57,52
1084,2016-12-18,40,42,67,49.66666667
1085,2016-12-19,56,56,58,56.66666667
1086,2016-12-20,45,51,55,50.33333333
1087,2016-12-21,25,25,39,29.66666667
1088,2016-12-22,58,33,41,44
1089,2016-12-23,68,59,51,59.33333333
1090,2016-12-24,59,69,54,60.66666667
1091,2016-12-25,51,54,50,51.66666667
1092,2016-12-26,45,40,42,42.33333333
1093,2016-12-27,49,49,48,48.66666667
1094,2016-12-28,40,46,45,43.66666667
1095,2016-12-29,45,46,41,44
1096,2016-12-30,62,49,48,53
1097,2016-12-31,71,54,57,60.66666667
1098,2017-01-01,94,61,66,73.66666667
1099,2017-01-02,75,81,63,73
1100,2017-01-03,57,68,80,68.33333333
1101,2017-01-04,40,54,57,50.33333333
1102,2017-01-05,21,27,41,29.66666667
1103,2017-01-06,57,52,46,51.66666667
1104,2017-01-07,34,35,35,34.66666667
1105,2017-01-08,62,55,55,57.33333333
1106,2017-01-09,35,42,54,43.66666667
1107,2017-01-10,27,33,42,34
1108,2017-01-11,33,50,56,46.33333333
1109,2017-01-12,30,38,50,39.33333333
1110,2017-01-13,49,47,43,46.33333333
1111,2017-01-14,29,42,38,36.33333333
1112,2017-01-15,50,53,45,49.33333333
1113,2017-01-16,68,63,61,64
1114,2017-01-17,85,75,73,77.66666667
1115,2017-01-18,89,88,88,88.33333333
1116,2017-01-19,61,52,68,60.33333333
1117,2017-01-20,54,39,50,47.66666667
1118,2017-01-21,73,50,46,56.33333333
1119,2017-01-22,53,51,46,50
1120,2017-01-23,40,53,43,45.33333333
1121,2017-01-24,53,56,52,53.66666667
1122,2017-01-25,65,61,55,60.33333333
1123,2017-01-26,94,64,46,68
1124,2017-01-27,36,50,45,43.66666667
1125,2017-01-28,31,43,46,40
1126,2017-01-29,50,44,49,47.66666667
1127,2017-01-30,31,48,50,43
1128,2017-01-31,40,44,49,44.33333333
1129,2017-02-01,35,40,44,39.66666667
1130,2017-02-02,69,56,51,58.66666667
1131,2017-02-03,86,84,62,77.33333333
1132,2017-02-04,67,69,38,58
1133,2017-02-05,49,55,49,51
1134,2017-02-06,45,53,57,51.66666667
1135,2017-02-07,59,53,63,58.33333333
1136,2017-02-08,55,45,49,49.66666667
1137,2017-02-09,36,40,47,41
1138,2017-02-10,33,39,41,37.66666667
1139,2017-02-11,34,32,35,33.66666667
1140,2017-02-12,48,45,59,50.66666667
1141,2017-02-13,58,57,65,60
1142,2017-02-14,63,63,68,64.66666667
1143,2017-02-15,71,60,71,67.33333333
1144,2017-02-16,49,47,54,50
1145,2017-02-17,35,39,36,36.66666667
1146,2017-02-18,50,46,55,50.33333333
1147,2017-02-19,48,47,56,50.33333333
1148,2017-02-20,49,53,56,52.66666667
1149,2017-02-21,44,39,53,45.33333333
1150,2017-02-22,40,40,45,41.66666667
1151,2017-02-23,31,39,45,38.33333333
1152,2017-02-24,51,41,58,50
1153,2017-02-25,51,54,54,53
1154,2017-02-26,43,54,47,48
1155,2017-02-27,47,55,51,51
1156,2017-02-28,63,55,59,59
1157,2017-03-01,37,43,43,41
1158,2017-03-02,46,47,50,47.66666667
1159,2017-03-03,58,58,54,56.66666667
1160,2017-03-04,68,55,52,58.33333333
1161,2017-03-05,40,47,51,46
1162,2017-03-06,37,41,42,40
1163,2017-03-07,48,44,49,47
1164,2017-03-08,53,58,61,57.33333333
1165,2017-03-09,50,52,63,55
1166,2017-03-10,61,59,60,60
1167,2017-03-11,84,66,60,70
1168,2017-03-12,66,66,65,65.66666667
1169,2017-03-13,56,55,52,54.33333333
1170,2017-03-14,45,52,48,48.33333333
1171,2017-03-15,65,53,52,56.66666667
1172,2017-03-16,73,61,67,67
1173,2017-03-17,73,62,78,71
1174,2017-03-18,72,61,68,67
1175,2017-03-19,86,66,73,75
1176,2017-03-20,89,58,53,66.66666667
1177,2017-03-21,57,56,69,60.66666667
1178,2017-03-22,71,64,74,69.66666667
1179,2017-03-23,61,60,52,57.66666667
1180,2017-03-24,68,49,44,53.66666667
1181,2017-03-25,65,45,40,50
1182,2017-03-26,72,61,59,64
1183,2017-03-27,80,60,66,68.66666667
1184,2017-03-28,61,42,58,53.66666667
1185,2017-03-29,67,65,68,66.66666667
1186,2017-03-30,55,58,60,57.66666667
1187,2017-03-31,23,56,42,40.33333333
1188,2017-04-01,45,51,43,46.33333333
1189,2017-04-02,75,63,58,65.33333333
1190,2017-04-03,73,63,73,69.66666667
1191,2017-04-04,57,52,54,54.33333333
1192,2017-04-05,25,33,46,34.66666667
1193,2017-04-06,44,51,54,49.66666667
1194,2017-04-07,64,65,61,63.33333333
1195,2017-04-08,44,57,61,54
1196,2017-04-09,29,35,49,37.66666667
1197,2017-04-10,54,38,34,42
1198,2017-04-11,67,73,64,68
1199,2017-04-12,70,70,74,71.33333333
1200,2017-04-13,61,64,64,63
1201,2017-04-14,69,55,58,60.66666667
1202,2017-04-15,64,53,62,59.66666667
1203,2017-04-16,52,46,45,47.66666667
1204,2017-04-17,42,65,53,53.33333333
1205,2017-04-18,76,95,87,86
1206,2017-04-19,82,74,80,78.66666667
1207,2017-04-20,67,57,61,61.66666667
1208,2017-04-21,65,72,62,66.33333333
1209,2017-04-22,56,55,52,54.33333333
1210,2017-04-23,46,58,61,55
1211,2017-04-24,61,58,54,57.66666667
1212,2017-04-25,51,57,48,52
1213,2017-04-26,48,51,55,51.33333333
1214,2017-04-27,66,63,60,63
1215,2017-04-28,64,70,73,69
1216,2017-04-29,84,81,73,79.33333333
1217,2017-04-30,84,83,63,76.66666667
1218,2017-05-01,92,72,45,69.66666667
1219,2017-05-02,70,66,53,63
1220,2017-05-03,66,67,55,62.66666667
1221,2017-05-04,53,59,46,52.66666667
1222,2017-05-05,146,133,95,124.6666667
1223,2017-05-06,86,107,114,102.3333333
1224,2017-05-07,129,143,97,123
1225,2017-05-08,108,82,64,84.66666667
1226,2017-05-09,45,34,49,42.66666667
1227,2017-05-10,68,64,65,65.66666667
1228,2017-05-11,72,56,62,63.33333333
1229,2017-05-12,56,54,59,56.33333333
1230,2017-05-13,62,57,59,59.33333333
1231,2017-05-14,49,50,55,51.33333333
1232,2017-05-15,40,39,52,43.66666667
1233,2017-05-16,41,39,63,47.66666667
1234,2017-05-17,50,53,67,56.66666667
1235,2017-05-18,53,55,63,57
1236,2017-05-19,42,43,55,46.66666667
1237,2017-05-20,32,45,54,43.66666667
1238,2017-05-21,47,44,61,50.66666667
1239,2017-05-22,39,46,69,51.33333333
1240,2017-05-23,30,45,57,44
1241,2017-05-24,42,50,63,51.66666667
1242,2017-05-25,26,35,54,38.33333333
1243,2017-05-26,37,40,47,41.33333333
1244,2017-05-27,45,47,53,48.33333333
1245,2017-05-28,68,56,63,62.33333333
1246,2017-05-29,55,65,86,68.66666667
1247,2017-05-30,41,56,71,56
1248,2017-05-31,40,47,62,49.66666667
1249,2017-06-01,32,41,52,41.66666667
1250,2017-06-02,32,31,45,36
1251,2017-06-03,31,36,51,39.33333333
1252,2017-06-04,27,38,43,36
1253,2017-06-05,26,33,40,33
1254,2017-06-06,16,27,43,28.66666667
1255,2017-06-07,48,45,44,45.66666667
1256,2017-06-08,61,56,60,59
1257,2017-06-09,51,61,62,58
1258,2017-06-10,31,44,50,41.66666667
1259,2017-06-11,34,34,41,36.33333333
1260,2017-06-12,41,38,42,40.33333333
1261,2017-06-13,50,50,63,54.33333333
1262,2017-06-14,57,53,64,58
1263,2017-06-15,70,60,50,60
1264,2017-06-16,56,52,40,49.33333333
1265,2017-06-17,47,50,47,48
1266,2017-06-18,58,55,67,60
1267,2017-06-19,56,56,62,58
1268,2017-06-20,63,53,45,53.66666667
1269,2017-06-21,45,42,67,51.33333333
1270,2017-06-22,53,50,61,54.66666667
1271,2017-06-23,47,51,54,50.66666667
1272,2017-06-24,39,59,57,51.66666667
1273,2017-06-25,30,46,55,43.66666667
1274,2017-06-26,33,44,49,42
1275,2017-06-27,53,41,57,50.33333333
1276,2017-06-28,52,53,68,57.66666667
1277,2017-06-29,60,62,48,56.66666667
1278,2017-06-30,50,39,44,44.33333333
1279,2017-07-01,30,30,37,32.33333333
1280,2017-07-02,26,27,37,30
1281,2017-07-03,39,27,35,33.66666667
1282,2017-07-04,45,46,44,45
1283,2017-07-05,56,39,52,49
1284,2017-07-06,26,25,40,30.33333333
1285,2017-07-07,34,23,51,36
1286,2017-07-08,31,25,44,33.33333333
1287,2017-07-09,NA,NA,NA,25.66666667
1288,2017-07-10,NA,NA,NA,25.66666667
1289,2017-07-11,NA,NA,NA,25.66666667
1290,2017-07-12,NA,NA,NA,25.66666667
1291,2017-07-13,NA,NA,NA,25.66666667
1292,2017-07-14,NA,NA,NA,25.66666667
1293,2017-07-15,NA,NA,NA,25.66666667
1294,2017-07-16,NA,NA,NA,25.66666667
1295,2017-07-17,NA,NA,NA,25.66666667
1296,2017-07-18,NA,NA,NA,25.66666667
1297,2017-07-19,NA,NA,NA,25.66666667
1298,2017-07-20,NA,NA,NA,25.66666667
1299,2017-07-21,NA,NA,NA,25.66666667
1300,2017-07-22,NA,NA,NA,25.66666667
1301,2017-07-23,NA,NA,NA,25.66666667
1302,2017-07-24,NA,NA,NA,25.66666667
1303,2017-07-25,NA,NA,NA,25.66666667
1304,2017-07-26,NA,NA,NA,25.66666667
1305,2017-07-27,NA,NA,NA,25.66666667
1306,2017-07-28,18,NA,NA,18
1307,2017-07-29,30,21,32,27.66666667
1308,2017-07-30,27,22,41,30
1309,2017-07-31,32,15,37,28
1310,2017-08-01,41,23,25,29.66666667
1311,2017-08-02,NA,NA,NA,30.33333333
1312,2017-08-03,NA,NA,NA,30.33333333
1313,2017-08-04,NA,NA,NA,30.33333333
1314,2017-08-05,43,19,NA,31
1315,2017-08-06,36,26,28,30
1316,2017-08-07,47,35,43,41.66666667
1317,2017-08-08,39,31,37,35.66666667
1318,2017-08-09,10,NA,23,16.5
1319,2017-08-10,NA,NA,NA,23.25
1320,2017-08-11,NA,NA,NA,23.25
1321,2017-08-12,NA,NA,NA,23.25
1322,2017-08-13,NA,NA,NA,23.25
1323,2017-08-14,NA,NA,NA,23.25
1324,2017-08-15,NA,NA,NA,23.25
1325,2017-08-16,NA,NA,NA,23.25
1326,2017-08-17,NA,NA,NA,23.25
1327,2017-08-18,NA,NA,NA,23.25
1328,2017-08-19,NA,NA,NA,23.25
1329,2017-08-20,NA,NA,NA,23.25
1330,2017-08-21,NA,NA,NA,23.25
1331,2017-08-22,NA,NA,NA,23.25
1332,2017-08-23,NA,NA,NA,23.25
1333,2017-08-24,NA,NA,NA,23.25
1334,2017-08-25,NA,NA,NA,23.25
1335,2017-08-26,26,31,33,30
1336,2017-08-27,31,32,42,35
1337,2017-08-28,19,30,37,28.66666667
1338,2017-08-29,18,29,40,29
1339,2017-08-30,NA,NA,NA,46.16666667
1340,2017-08-31,NA,NA,NA,46.16666667
1341,2017-09-01,NA,NA,NA,46.16666667
1342,2017-09-02,NA,NA,NA,46.16666667
1343,2017-09-03,NA,NA,NA,46.16666667
1344,2017-09-04,NA,NA,NA,46.16666667
1345,2017-09-05,NA,NA,NA,46.16666667
1346,2017-09-06,NA,NA,NA,46.16666667
1347,2017-09-07,NA,NA,NA,46.16666667
1348,2017-09-08,NA,NA,NA,46.16666667
1349,2017-09-09,NA,NA,NA,46.16666667
1350,2017-09-10,NA,NA,NA,46.16666667
1351,2017-09-11,NA,NA,NA,46.16666667
1352,2017-09-12,NA,NA,NA,46.16666667
1353,2017-09-13,NA,NA,NA,46.16666667
1354,2017-09-14,NA,NA,NA,46.16666667
1355,2017-09-15,NA,NA,NA,46.16666667
1356,2017-09-16,NA,NA,NA,46.16666667
1357,2017-09-17,NA,NA,NA,46.16666667
1358,2017-09-18,NA,NA,NA,46.16666667
1359,2017-09-19,NA,NA,NA,46.16666667
1360,2017-09-20,NA,NA,NA,46.16666667
1361,2017-09-21,NA,NA,NA,46.16666667
1362,2017-09-22,75,57,58,63.33333333
1363,2017-09-23,67,57,58,60.66666667
1364,2017-09-24,52,NA,NA,52
1365,2017-09-25,52,53,57,54
1366,2017-09-26,48,37,41,42
1367,2017-09-27,26,39,40,35
1368,2017-09-28,25,42,45,37.33333333
1369,2017-09-29,40,41,47,42.66666667
1370,2017-09-30,40,38,51,43
1371,2017-10-01,20,28,41,29.66666667
1372,2017-10-02,42,49,40,43.66666667
1373,2017-10-03,26,39,37,34
1374,2017-10-04,16,29,32,25.66666667
1375,2017-10-05,13,24,30,22.33333333
1376,2017-10-06,10,30,32,24
1377,2017-10-07,20,28,28,25.33333333
1378,2017-10-08,29,36,40,35
1379,2017-10-09,33,39,55,42.33333333
1380,2017-10-10,13,36,55,34.66666667
1381,2017-10-11,24,40,34,32.66666667
1382,2017-10-12,31,51,38,40
1383,2017-10-13,24,47,43,38
1384,2017-10-14,24,37,36,32.33333333
1385,2017-10-15,34,39,40,37.66666667
1386,2017-10-16,43,48,40,43.66666667
1387,2017-10-17,29,36,43,36
1388,2017-10-18,19,36,37,30.66666667
1389,2017-10-19,36,36,34,35.33333333
1390,2017-10-20,44,42,36,40.66666667
1391,2017-10-21,28,32,46,35.33333333
1392,2017-10-22,26,41,46,37.66666667
1393,2017-10-23,37,54,48,46.33333333
1394,2017-10-24,46,58,53,52.33333333
1395,2017-10-25,57,64,47,56
1396,2017-10-26,66,69,45,60
1397,2017-10-27,53,52,38,47.66666667
1398,2017-10-28,70,59,51,60
1399,2017-10-29,41,53,59,51
1400,2017-10-30,38,51,49,46
1401,2017-10-31,46,54,52,50.66666667
1402,2017-11-01,55,59,61,58.33333333
1403,2017-11-02,45,59,67,57
1404,2017-11-03,58,64,50,57.33333333
1405,2017-11-04,46,61,52,53
1406,2017-11-05,39,65,58,54
1407,2017-11-06,49,62,57,56
1408,2017-11-07,67,75,60,67.33333333
1409,2017-11-08,57,59,61,59
1410,2017-11-09,53,65,63,60.33333333
1411,2017-11-10,69,68,63,66.66666667
1412,2017-11-11,34,50,59,47.66666667
1413,2017-11-12,47,59,58,54.66666667
1414,2017-11-13,52,60,63,58.33333333
1415,2017-11-14,27,48,56,43.66666667
1416,2017-11-15,26,47,49,40.66666667
1417,2017-11-16,47,60,59,55.33333333
1418,2017-11-17,43,52,51,48.66666667
1419,2017-11-18,27,41,37,35
1420,2017-11-19,42,52,46,46.66666667
1421,2017-11-20,56,56,60,57.33333333
1422,2017-11-21,59,54,61,58
1423,2017-11-22,22,52,37,37
1424,2017-11-23,22,42,52,38.66666667
1425,2017-11-24,27,54,48,43
1426,2017-11-25,40,58,63,53.66666667
1427,2017-11-26,51,67,65,61
1428,2017-11-27,72,72,70,71.33333333
1429,2017-11-28,65,65,66,65.33333333
1430,2017-11-29,26,45,56,42.33333333
1431,2017-11-30,26,43,43,37.33333333
1432,2017-12-01,45,51,53,49.66666667
1433,2017-12-02,55,57,60,57.33333333
1434,2017-12-03,46,56,67,56.33333333
1435,2017-12-04,26,40,48,38
1436,2017-12-05,35,46,54,45
1437,2017-12-06,47,54,71,57.33333333
1438,2017-12-07,36,51,53,46.66666667
1439,2017-12-08,46,52,48,48.66666667
1440,2017-12-09,42,60,57,53
1441,2017-12-10,48,54,48,50
1442,2017-12-11,39,46,39,41.33333333
1443,2017-12-12,41,47,40,42.66666667
1444,2017-12-13,58,61,56,58.33333333
1445,2017-12-14,77,65,62,68
1446,2017-12-15,46,49,54,49.66666667
1447,2017-12-16,43,48,44,45
1448,2017-12-17,58,55,58,57
1449,2017-12-18,50,55,60,55
1450,2017-12-19,45,50,53,49.33333333
1451,2017-12-20,54,48,63,55
1452,2017-12-21,61,52,60,57.66666667
1453,2017-12-22,96,74,78,82.66666667
1454,2017-12-23,68,57,57,60.66666667
1455,2017-12-24,33,45,49,42.33333333
1456,2017-12-25,31,41,46,39.33333333
1457,2017-12-26,31,37,45,37.66666667
1458,2017-12-27,46,47,61,51.33333333
1459,2017-12-28,84,67,82,77.66666667
1460,2017-12-29,104,84,88,92
1461,2017-12-30,62,66,78,68.66666667
1462,2017-12-31,52,57,51,53.33333333
1463,2018-01-01,42,65,69,58.66666667
1464,2018-01-02,40,46,54,46.66666667
1465,2018-01-03,49,53,50,50.66666667
1466,2018-01-04,62,58,58,59.33333333
1467,2018-01-05,51,51,48,50
1468,2018-01-06,58,60,54,57.33333333
1469,2018-01-07,59,60,55,58
1470,2018-01-08,45,44,51,46.66666667
1471,2018-01-09,34,42,48,41.33333333
1472,2018-01-10,37,39,42,39.33333333
1473,2018-01-11,26,39,39,34.66666667
1474,2018-01-12,51,51,51,51
1475,2018-01-13,66,64,63,64.33333333
1476,2018-01-14,67,61,65,64.33333333
1477,2018-01-15,93,76,71,80
1478,2018-01-16,95,54,39,62.66666667
1479,2018-01-17,80,93,68,80.33333333
1480,2018-01-18,63,75,80,72.66666667
1481,2018-01-19,88,72,73,77.66666667
1482,2018-01-20,62,95,75,77.33333333
1483,2018-01-21,52,74,65,63.66666667
1484,2018-01-22,28,45,52,41.66666667
1485,2018-01-23,33,48,40,40.33333333
1486,2018-01-24,27,41,36,34.66666667
1487,2018-01-25,36,46,36,39.33333333
1488,2018-01-26,49,58,47,51.33333333
1489,2018-01-27,36,50,41,42.33333333
1490,2018-01-28,52,59,51,54
1491,2018-01-29,47,58,56,53.66666667
1492,2018-01-30,46,56,64,55.33333333
1493,2018-01-31,45,58,63,55.33333333
1494,2018-02-01,58,64,56,59.33333333
1495,2018-02-02,40,47,52,46.33333333
1496,2018-02-03,36,41,38,38.33333333
1497,2018-02-04,29,51,47,42.33333333
1498,2018-02-05,35,49,42,42
1499,2018-02-06,44,54,45,47.66666667
1500,2018-02-07,56,69,58,61
1501,2018-02-08,68,84,69,73.66666667
1502,2018-02-09,71,70,79,73.33333333
1503,2018-02-10,56,52,65,57.66666667
1504,2018-02-11,55,53,54,54
1505,2018-02-12,57,55,58,56.66666667
1506,2018-02-13,68,68,68,68
1507,2018-02-14,44,56,67,55.66666667
1508,2018-02-15,51,55,60,55.33333333
1509,2018-02-16,54,51,39,48
1510,2018-02-17,42,50,40,44
1511,2018-02-18,63,66,73,67.33333333
1512,2018-02-19,65,76,79,73.33333333
1513,2018-02-20,43,53,57,51
1514,2018-02-21,50,59,58,55.66666667
1515,2018-02-22,81,64,78,74.33333333
1516,2018-02-23,74,79,76,76.33333333
1517,2018-02-24,52,57,63,57.33333333
1518,2018-02-25,64,61,65,63.33333333
1519,2018-02-26,86,68,68,74
1520,2018-02-27,62,51,55,56
1521,2018-02-28,45,49,38,44
1522,2018-03-01,70,61,48,59.66666667
1523,2018-03-02,62,60,61,61
1524,2018-03-03,32,48,51,43.66666667
1525,2018-03-04,9,22,33,21.33333333
1526,2018-03-05,33,43,49,41.66666667
1527,2018-03-06,33,43,46,40.66666667
1528,2018-03-07,32,46,26,34.66666667
1529,2018-03-08,52,68,46,55.33333333
1530,2018-03-09,51,54,52,52.33333333
1531,2018-03-10,58,59,62,59.66666667
1532,2018-03-11,84,85,81,83.33333333
1533,2018-03-12,63,67,62,64
1534,2018-03-13,28,58,52,46
1535,2018-03-14,22,45,46,37.66666667
1536,2018-03-15,15,38,43,32
1537,2018-03-16,35,40,42,39
1538,2018-03-17,63,59,52,58
1539,2018-03-18,33,37,39,36.33333333
1540,2018-03-19,21,40,44,35
1541,2018-03-20,15,28,23,22
1542,2018-03-21,46,46,34,42
1543,2018-03-22,68,62,56,62
1544,2018-03-23,97,71,70,79.33333333
1545,2018-03-24,102,80,78,86.66666667
1546,2018-03-25,96,78,77,83.66666667
1547,2018-03-26,86,74,74,78
1548,2018-03-27,61,65,73,66.33333333
1549,2018-03-28,65,62,69,65.33333333
1550,2018-03-29,68,62,57,62.33333333
1551,2018-03-30,63,72,58,64.33333333
1552,2018-03-31,74,82,69,75
1553,2018-04-01,72,76,66,71.33333333
1554,2018-04-02,69,78,55,67.33333333
1555,2018-04-03,15,41,53,36.33333333
1556,2018-04-04,7,24,43,24.66666667
1557,2018-04-05,91,89,65,81.66666667
1558,2018-04-06,54,69,60,61
1559,2018-04-07,30,53,53,45.33333333
1560,2018-04-08,46,77,74,65.66666667
1561,2018-04-09,54,69,67,63.33333333
1562,2018-04-10,65,63,59,62.33333333
1563,2018-04-11,52,56,54,54
1564,2018-04-12,39,56,55,50
1565,2018-04-13,23,38,44,35
1566,2018-04-14,69,85,119,91
1567,2018-04-15,44,62,86,64
1568,2018-04-16,63,67,83,71
1569,2018-04-17,71,86,92,83
1570,2018-04-18,78,61,74,71
1571,2018-04-19,91,86,81,86
1572,2018-04-20,70,70,80,73.33333333
1573,2018-04-21,39,53,60,50.66666667
1574,2018-04-22,10,34,40,28
1575,2018-04-23,9,27,30,22
1576,2018-04-24,39,44,47,43.33333333
1577,2018-04-25,51,56,63,56.66666667
1578,2018-04-26,61,58,61,60
1579,2018-04-27,63,63,63,63
1580,2018-04-28,61,51,73,61.66666667
1581,2018-04-29,80,69,64,71
1582,2018-04-30,65,77,77,73
1583,2018-05-01,49,49,53,50.33333333
1584,2018-05-02,32,60,53,48.33333333
1585,2018-05-03,53,55,50,52.66666667
1586,2018-05-04,49,48,55,50.66666667
1587,2018-05-05,15,35,41,30.33333333
1588,2018-05-06,40,34,35,36.33333333
1589,2018-05-07,22,38,49,36.33333333
1590,2018-05-08,25,47,41,37.66666667
1591,2018-05-09,55,54,56,55
1592,2018-05-10,66,59,61,62
1593,2018-05-11,34,47,60,47
1594,2018-05-12,26,39,36,33.66666667
1595,2018-05-13,76,62,63,67
1596,2018-05-14,78,69,72,73
1597,2018-05-15,35,46,51,44
1598,2018-05-16,15,45,37,32.33333333
1599,2018-05-17,11,37,38,28.66666667
1600,2018-05-18,11,32,40,27.66666667
1601,2018-05-19,11,31,38,26.66666667
1602,2018-05-20,21,35,46,34
1603,2018-05-21,43,47,46,45.33333333
1604,2018-05-22,46,63,40,49.66666667
1605,2018-05-23,89,77,68,78
1606,2018-05-24,89,79,75,81
1607,2018-05-25,80,75,71,75.33333333
1608,2018-05-26,68,66,77,70.33333333
1609,2018-05-27,57,65,65,62.33333333
1610,2018-05-28,49,54,70,57.66666667
1611,2018-05-29,52,59,63,58
1612,2018-05-30,51,57,57,55
1613,2018-05-31,48,56,62,55.33333333
1614,2018-06-01,48,49,61,52.66666667
1615,2018-06-02,36,48,70,51.33333333
1616,2018-06-03,48,51,60,53
1617,2018-06-04,51,51,51,51
1618,2018-06-05,52,59,61,57.33333333
1619,2018-06-06,54,65,76,65
1620,2018-06-07,41,66,73,60
1621,2018-06-08,46,62,54,54
1622,2018-06-09,9,27,38,24.66666667
1623,2018-06-10,11,29,31,23.66666667
1624,2018-06-11,16,40,43,33
1625,2018-06-12,33,45,44,40.66666667
1626,2018-06-13,35,43,36,38
1627,2018-06-14,15,36,40,30.33333333
1628,2018-06-15,23,30,33,28.66666667
1629,2018-06-16,57,45,34,45.33333333
1630,2018-06-17,52,59,42,51
1631,2018-06-18,47,53,52,50.66666667
1632,2018-06-19,52,49,47,49.33333333
1633,2018-06-20,46,44,48,46
1634,2018-06-21,47,47,56,50
1635,2018-06-22,44,42,55,47
1636,2018-06-23,65,61,62,62.66666667
1637,2018-06-24,64,56,66,62
1638,2018-06-25,54,55,49,52.66666667
1639,2018-06-26,31,40,40,37
1640,2018-06-27,25,27,31,27.66666667
1641,2018-06-28,44,36,40,40
1642,2018-06-29,55,37,33,41.66666667
1643,2018-06-30,14,21,28,21
1644,2018-07-01,9,24,37,23.33333333
1645,2018-07-02,13,30,24,22.33333333
1646,2018-07-03,25,32,36,31
1647,2018-07-04,22,33,40,31.66666667
1648,2018-07-05,7,24,20,17
1649,2018-07-06,8,24,22,18
1650,2018-07-07,12,28,31,23.66666667
1651,2018-07-08,10,21,28,19.66666667
1652,2018-07-09,24,43,49,38.66666667
1653,2018-07-10,37,47,49,44.33333333
1654,2018-07-11,29,34,43,35.33333333
1655,2018-07-12,24,33,51,36
1656,2018-07-13,22,31,54,35.66666667
1657,2018-07-14,24,28,54,35.33333333
1658,2018-07-15,29,42,56,42.33333333
1659,2018-07-16,34,48,59,47
1660,2018-07-17,40,53,57,50
1661,2018-07-18,33,49,71,51
1662,2018-07-19,40,55,67,54
1663,2018-07-20,43,59,46,49.33333333
1664,2018-07-21,33,49,34,38.66666667
1665,2018-07-22,37,35,42,38
1666,2018-07-23,45,43,42,43.33333333
1667,2018-07-24,37,37,49,41
1668,2018-07-25,46,38,60,48
1669,2018-07-26,53,48,58,53
1670,2018-07-27,44,50,49,47.66666667
1671,2018-07-28,19,30,36,28.33333333
1672,2018-07-29,9,23,36,22.66666667
1673,2018-07-30,19,23,32,24.66666667
1674,2018-07-31,36,26,33,31.66666667
1675,2018-08-01,45,27,32,34.66666667
1676,2018-08-02,51,38,39,42.66666667
1677,2018-08-03,31,34,43,36
1678,2018-08-04,29,30,42,33.66666667
1679,2018-08-05,35,39,48,40.66666667
1680,2018-08-06,21,32,36,29.66666667
1681,2018-08-07,29,41,32,34
1682,2018-08-08,29,35,36,33.33333333
1683,2018-08-09,15,35,35,28.33333333
1684,2018-08-10,10,19,26,18.33333333
1685,2018-08-11,15,28,34,25.66666667
1686,2018-08-12,36,38,42,38.66666667
1687,2018-08-13,30,43,32,35
1688,2018-08-14,32,30,31,31
1689,2018-08-15,16,22,33,23.66666667
1690,2018-08-16,13,25,30,22.66666667
1691,2018-08-17,18,27,29,24.66666667
1692,2018-08-18,26,39,30,31.66666667
1693,2018-08-19,42,41,44,42.33333333
1694,2018-08-20,26,39,49,38
1695,2018-08-21,28,34,35,32.33333333
1696,2018-08-22,13,21,32,22
1697,2018-08-23,8,22,44,24.66666667
1698,2018-08-24,27,39,38,34.66666667
1699,2018-08-25,20,22,41,27.66666667
1700,2018-08-26,9,18,40,22.33333333
1701,2018-08-27,11,35,37,27.66666667
1702,2018-08-28,14,31,37,27.33333333
1703,2018-08-29,31,22,32,28.33333333
1704,2018-08-30,28,21,30,26.33333333
1705,2018-08-31,21,29,26,25.33333333
1706,2018-09-01,14,24,26,21.33333333
1707,2018-09-02,16,27,33,25.33333333
1708,2018-09-03,18,21,31,23.33333333
1709,2018-09-04,31,28,38,32.33333333
1710,2018-09-05,42,28,43,37.66666667
1711,2018-09-06,30,30,50,36.66666667
1712,2018-09-07,28,33,39,33.33333333
1713,2018-09-08,25,39,28,30.66666667
1714,2018-09-09,12,23,30,21.66666667
1715,2018-09-10,13,22,30,21.66666667
1716,2018-09-11,17,28,33,26
1717,2018-09-12,22,26,31,26.33333333
1718,2018-09-13,21,21,22,21.33333333
1719,2018-09-14,13,18,25,18.66666667
1720,2018-09-15,42,40,39,40.33333333
1721,2018-09-16,33,44,47,41.33333333
1722,2018-09-17,41,43,54,46
1723,2018-09-18,45,45,59,49.66666667
1724,2018-09-19,17,31,28,25.33333333
1725,2018-09-20,8,15,23,15.33333333
1726,2018-09-21,36,36,30,34
1727,2018-09-22,34,36,44,38
1728,2018-09-23,16,29,32,25.66666667
1729,2018-09-24,15,21,25,20.33333333
1730,2018-09-25,8,19,22,16.33333333
1731,2018-09-26,9,20,25,18
1732,2018-09-27,14,23,29,22
1733,2018-09-28,16,24,21,20.33333333
1734,2018-09-29,22,24,22,22.66666667
1735,2018-09-30,18,27,29,24.66666667
1736,2018-10-01,28,31,32,30.33333333
1737,2018-10-02,29,39,40,36
1738,2018-10-03,23,32,39,31.33333333
1739,2018-10-04,11,15,18,14.66666667
1740,2018-10-05,7,15,30,17.33333333
1741,2018-10-06,29,33,26,29.33333333
1742,2018-10-07,24,39,37,33.33333333
1743,2018-10-08,29,30,36,31.66666667
1744,2018-10-09,22,31,45,32.66666667
1745,2018-10-10,19,27,32,26
1746,2018-10-11,26,35,35,32
1747,2018-10-12,35,43,32,36.66666667
1748,2018-10-13,40,42,30,37.33333333
1749,2018-10-14,61,60,49,56.66666667
1750,2018-10-15,53,71,70,64.66666667
1751,2018-10-16,40,47,62,49.66666667
1752,2018-10-17,16,33,47,32
1753,2018-10-18,20,31,28,26.33333333
1754,2018-10-19,43,41,30,38
1755,2018-10-20,41,48,30,39.66666667
1756,2018-10-21,53,53,41,49
1757,2018-10-22,52,53,49,51.33333333
1758,2018-10-23,48,56,57,53.66666667
1759,2018-10-24,43,51,58,50.66666667
1760,2018-10-25,40,38,51,43
1761,2018-10-26,30,36,33,33
1762,2018-10-27,15,31,38,28
1763,2018-10-28,18,35,41,31.33333333
1764,2018-10-29,23,39,36,32.66666667
1765,2018-10-30,23,38,36,32.33333333
1766,2018-10-31,38,45,48,43.66666667
1767,2018-11-01,48,54,54,52
1768,2018-11-02,59,56,45,53.33333333
1769,2018-11-03,48,60,48,52
1770,2018-11-04,63,67,51,60.33333333
1771,2018-11-05,88,80,52,73.33333333
1772,2018-11-06,64,97,49,70
1773,2018-11-07,9,48,36,31
1774,2018-11-08,40,48,36,41.33333333
1775,2018-11-09,71,59,53,61
1776,2018-11-10,66,74,53,64.33333333
1777,2018-11-11,33,59,49,47
1778,2018-11-12,45,56,31,44
1779,2018-11-13,38,57,30,41.66666667
1780,2018-11-14,54,60,34,49.33333333
1781,2018-11-15,60,74,47,60.33333333
1782,2018-11-16,36,50,58,48
1783,2018-11-17,41,50,41,44
1784,2018-11-18,60,60,50,56.66666667
1785,2018-11-19,50,61,54,55
1786,2018-11-20,38,63,68,56.33333333
1787,2018-11-21,24,45,52,40.33333333
1788,2018-11-22,24,45,45,38
1789,2018-11-23,24,53,58,45
1790,2018-11-24,47,60,56,54.33333333
1791,2018-11-25,62,66,56,61.33333333
1792,2018-11-26,97,75,63,78.33333333
1793,2018-11-27,100,125,91,105.3333333
1794,2018-11-28,71,93,77,80.33333333
1795,2018-11-29,60,85,104,83
1796,2018-11-30,51,66,77,64.66666667
1797,2018-12-01,54,65,53,57.33333333
1798,2018-12-02,47,55,55,52.33333333
1799,2018-12-03,37,44,44,41.66666667
1800,2018-12-04,32,48,56,45.33333333
1801,2018-12-05,41,50,42,44.33333333
1802,2018-12-06,26,41,38,35
1803,2018-12-07,26,38,30,31.33333333
1804,2018-12-08,24,37,26,29
1805,2018-12-09,36,54,40,43.33333333
1806,2018-12-10,44,62,44,50
1807,2018-12-11,48,60,47,51.66666667
1808,2018-12-12,42,56,51,49.66666667
1809,2018-12-13,35,53,41,43
1810,2018-12-14,58,63,41,54
1811,2018-12-15,56,60,43,53
1812,2018-12-16,67,68,60,65
1813,2018-12-17,52,58,57,55.66666667
1814,2018-12-18,56,78,75,69.66666667
1815,2018-12-19,62,88,95,81.66666667
1816,2018-12-20,72,90,86,82.66666667
1817,2018-12-21,78,90,64,77.33333333
1818,2018-12-22,54,70,45,56.33333333
1819,2018-12-23,25,40,42,35.66666667
1820,2018-12-24,39,NA,NA,39
1821,2018-12-25,52,NA,NA,52
1822,2018-12-26,30,39,31,33.33333333
1823,2018-12-27,40,53,38,43.66666667
1824,2018-12-28,43,54,35,44
1825,2018-12-29,36,47,28,37
1826,2018-12-30,NA,NA,NA,40
1827,2018-12-31,40,56,33,43
1828,2019-01-01,37,51,36,41.33333333
1829,2019-01-02,40,53,40,44.33333333
1830,2019-01-03,60,69,52,60.33333333
1831,2019-01-04,61,67,61,63
1832,2019-01-05,52,56,48,52
1833,2019-01-06,56,68,52,58.66666667
1834,2019-01-07,46,64,62,57.33333333
1835,2019-01-08,53,56,47,52
1836,2019-01-09,58,63,46,55.66666667
1837,2019-01-10,70,72,53,65
1838,2019-01-11,81,85,51,72.33333333
1839,2019-01-12,90,86,70,82
1840,2019-01-13,118,112,69,99.66666667
1841,2019-01-14,104,102,74,93.33333333
1842,2019-01-15,50,58,49,52.33333333
1843,2019-01-16,47,53,43,47.66666667
1844,2019-01-17,54,72,55,60.33333333
1845,2019-01-18,81,82,65,76
1846,2019-01-19,65,63,48,58.66666667
1847,2019-01-20,47,46,40,44.33333333
1848,2019-01-21,66,66,57,63
1849,2019-01-22,69,79,78,75.33333333
1850,2019-01-23,47,53,54,51.33333333
1851,2019-01-24,50,57,53,53.33333333
1852,2019-01-25,48,57,51,52
1853,2019-01-26,41,48,42,43.66666667
1854,2019-01-27,74,65,59,66
1855,2019-01-28,67,74,72,71
1856,2019-01-29,62,68,67,65.66666667
1857,2019-01-30,69,60,53,60.66666667
1858,2019-01-31,43,49,44,45.33333333
1859,2019-02-01,57,62,51,56.66666667
1860,2019-02-02,39,45,46,43.33333333
1861,2019-02-03,67,78,61,68.66666667
1862,2019-02-04,73,81,71,75
1863,2019-02-05,80,75,56,70.33333333
1864,2019-02-06,59,61,55,58.33333333
1865,2019-02-07,35,44,36,38.33333333
1866,2019-02-08,40,47,42,43
1867,2019-02-09,46,52,39,45.66666667
1868,2019-02-10,44,45,43,44
1869,2019-02-11,59,61,54,58
1870,2019-02-12,42,65,64,57
1871,2019-02-13,55,55,50,53.33333333
1872,2019-02-14,42,64,48,51.33333333
1873,2019-02-15,59,60,53,57.33333333
1874,2019-02-16,40,54,47,47
1875,2019-02-17,46,55,44,48.33333333
1876,2019-02-18,47,45,41,44.33333333
1877,2019-02-19,55,63,48,55.33333333
1878,2019-02-20,72,79,66,72.33333333
1879,2019-02-21,70,89,59,72.66666667
1880,2019-02-22,57,71,54,60.66666667
1881,2019-02-23,64,56,48,56
1882,2019-02-24,76,71,61,69.33333333
1883,2019-02-25,58,64,72,64.66666667
1884,2019-02-26,68,63,49,60
1885,2019-02-27,76,84,57,72.33333333
1886,2019-02-28,93,120,76,96.33333333
1887,2019-03-01,91,87,77,85
1888,2019-03-02,86,85,43,71.33333333
1889,2019-03-03,122,108,40,90
1890,2019-03-04,136,124,76,112
1891,2019-03-05,106,102,85,97.66666667
1892,2019-03-06,55,79,72,68.66666667
1893,2019-03-07,53,60,59,57.33333333
1894,2019-03-08,48,56,58,54
1895,2019-03-09,51,55,31,45.66666667
1896,2019-03-10,69,45,47,53.66666667
1897,2019-03-11,74,61,59,64.66666667
1898,2019-03-12,46,49,41,45.33333333
1899,2019-03-13,47,54,48,49.66666667
1900,2019-03-14,54,54,52,53.33333333
1901,2019-03-15,46,43,37,42
1902,2019-03-16,44,45,50,46.33333333
1903,2019-03-17,46,48,57,50.33333333
1904,2019-03-18,63,61,53,59
1905,2019-03-19,83,72,76,77
1906,2019-03-20,37,42,46,41.66666667
1907,2019-03-21,41,50,58,49.66666667
1908,2019-03-22,27,39,43,36.33333333
1909,2019-03-23,31,42,38,37
1910,2019-03-24,50,57,58,55
1911,2019-03-25,63,53,66,60.66666667
1912,2019-03-26,80,NA,NA,80
1913,2019-03-27,75,68,55,66
1914,2019-03-28,45,55,64,54.66666667
1915,2019-03-29,41,50,59,50
1916,2019-03-30,44,48,43,45
1917,2019-03-31,30,38,41,36.33333333
1918,2019-04-01,35,42,46,41
1919,2019-04-02,44,47,50,47
1920,2019-04-03,39,48,55,47.33333333
1921,2019-04-04,72,70,66,69.33333333
1922,2019-04-05,63,71,75,69.66666667
1923,2019-04-06,43,54,73,56.66666667
1924,2019-04-07,44,56,64,54.66666667
1925,2019-04-08,29,41,35,35
1926,2019-04-09,8,23,21,17.33333333
1927,2019-04-10,30,47,21,32.66666667
1928,2019-04-11,57,49,44,50
1929,2019-04-12,53,44,55,50.66666667
1930,2019-04-13,43,47,46,45.33333333
1931,2019-04-14,57,59,57,57.66666667
1932,2019-04-15,51,67,56,58
1933,2019-04-16,45,52,54,50.33333333
1934,2019-04-17,45,46,42,44.33333333
1935,2019-04-18,47,58,43,49.33333333
1936,2019-04-19,49,54,45,49.33333333
1937,2019-04-20,37,51,56,48
1938,2019-04-21,85,60,47,64
1939,2019-04-22,87,49,44,60
1940,2019-04-23,62,34,29,41.66666667
1941,2019-04-24,42,37,52,43.66666667
1942,2019-04-25,10,19,20,16.33333333
1943,2019-04-26,20,25,14,19.66666667
1944,2019-04-27,21,36,26,27.66666667
1945,2019-04-28,22,32,25,26.33333333
1946,2019-04-29,41,33,33,35.66666667
1947,2019-04-30,59,61,59,59.66666667
1948,2019-05-01,55,71,76,67.33333333
1949,2019-05-02,56,47,64,55.66666667
1950,2019-05-03,74,65,66,68.33333333
1951,2019-05-04,70,60,62,64
1952,2019-05-05,39,53,53,48.33333333
1953,2019-05-06,55,44,32,43.66666667
1954,2019-05-07,57,46,46,49.66666667
1955,2019-05-08,53,46,57,52
1956,2019-05-09,66,51,64,60.33333333
1957,2019-05-10,69,59,60,62.66666667
1958,2019-05-11,61,51,52,54.66666667
1959,2019-05-12,63,51,54,56
1960,2019-05-13,46,60,54,53.33333333
1961,2019-05-14,70,65,44,59.66666667
1962,2019-05-15,69,67,44,60
1963,2019-05-16,62,57,45,54.66666667
1964,2019-05-17,34,35,20,29.66666667
1965,2019-05-18,16,26,21,21
1966,2019-05-19,41,36,26,34.33333333
1967,2019-05-20,60,47,39,48.66666667
1968,2019-05-21,63,56,57,58.66666667
1969,2019-05-22,74,59,70,67.66666667
1970,2019-05-23,79,70,69,72.66666667
1971,2019-05-24,76,63,55,64.66666667
1972,2019-05-25,46,45,42,44.33333333
1973,2019-05-26,26,29,26,27
1974,2019-05-27,26,31,19,25.33333333
1975,2019-05-28,56,40,48,48
1976,2019-05-29,53,51,48,50.66666667
1977,2019-05-30,24,27,27,26
1978,2019-05-31,39,32,42,37.66666667
1979,2019-06-01,41,39,45,41.66666667
1980,2019-06-02,45,49,55,49.66666667
1981,2019-06-03,30,47,54,43.66666667
1982,2019-06-04,51,49,53,51
1983,2019-06-05,56,51,59,55.33333333
1984,2019-06-06,19,19,23,20.33333333
1985,2019-06-07,30,29,38,32.33333333
1986,2019-06-08,42,34,33,36.33333333
1987,2019-06-09,14,23,30,22.33333333
1988,2019-06-10,17,27,28,24
1989,2019-06-11,35,49,34,39.33333333
1990,2019-06-12,34,45,35,38
1991,2019-06-13,35,59,39,44.33333333
1992,2019-06-14,39,42,32,37.66666667
1993,2019-06-15,16,40,30,28.66666667
1994,2019-06-16,25,29,31,28.33333333
1995,2019-06-17,35,38,50,41
1996,2019-06-18,36,47,59,47.33333333
1997,2019-06-19,29,NA,NA,29
1998,2019-06-20,30,43,65,46
1999,2019-06-21,10,38,32,26.66666667
2000,2019-06-22,11,25,23,19.66666667
2001,2019-06-23,21,35,28,28
2002,2019-06-24,31,36,33,33.33333333
2003,2019-06-25,30,39,29,32.66666667
2004,2019-06-26,19,26,25,23.33333333
2005,2019-06-27,37,38,30,35
2006,2019-06-28,23,36,31,30
2007,2019-06-29,29,38,29,32
2008,2019-06-30,34,36,53,41
2009,2019-07-01,33,32,48,37.66666667
2010,2019-07-02,38,42,51,43.66666667
2011,2019-07-03,32,50,60,47.33333333
2012,2019-07-04,31,31,56,39.33333333
2013,2019-07-05,22,33,37,30.66666667
2014,2019-07-06,15,29,30,24.66666667
2015,2019-07-07,8,19,27,18
2016,2019-07-08,8,18,27,17.66666667
2017,2019-07-09,6,18,22,15.33333333
2018,2019-07-10,7,16,28,17
2019,2019-07-11,18,27,33,26
2020,2019-07-12,37,39,35,37
2021,2019-07-13,42,31,35,36
2022,2019-07-14,35,50,36,40.33333333
2023,2019-07-15,36,36,30,34
2024,2019-07-16,65,42,28,45
2025,2019-07-17,67,39,23,43
2026,2019-07-18,37,27,25,29.66666667
2027,2019-07-19,8,24,35,22.33333333
2028,2019-07-20,17,29,42,29.33333333
2029,2019-07-21,48,43,42,44.33333333
2030,2019-07-22,27,39,40,35.33333333
2031,2019-07-23,25,33,33,30.33333333
2032,2019-07-24,27,33,29,29.66666667
2033,2019-07-25,19,39,30,29.33333333
2034,2019-07-26,20,34,37,30.33333333
2035,2019-07-27,13,27,28,22.66666667
2036,2019-07-28,15,31,30,25.33333333
2037,2019-07-29,21,22,30,24.33333333
2038,2019-07-30,18,21,28,22.33333333
2039,2019-07-31,14,26,29,23
2040,2019-08-01,20,26,46,30.66666667
2041,2019-08-02,22,38,37,32.33333333
2042,2019-08-03,31,44,31,35.33333333
2043,2019-08-04,39,55,38,44
2044,2019-08-05,27,30,34,30.33333333
2045,2019-08-06,21,27,34,27.33333333
2046,2019-08-07,41,41,41,41
2047,2019-08-08,23,27,37,29
2048,2019-08-09,20,37,30,29
2049,2019-08-10,17,23,26,22
2050,2019-08-11,14,40,32,28.66666667
2051,2019-08-12,25,37,27,29.66666667
2052,2019-08-13,17,20,36,24.33333333
2053,2019-08-14,8,15,19,14
2054,2019-08-15,19,30,32,27
2055,2019-08-16,33,44,39,38.66666667
2056,2019-08-17,22,34,57,37.66666667
2057,2019-08-18,22,40,58,40
2058,2019-08-19,29,39,42,36.66666667
2059,2019-08-20,33,27,37,32.33333333
2060,2019-08-21,43,26,29,32.66666667
2061,2019-08-22,34,38,45,39
2062,2019-08-23,23,30,44,32.33333333
2063,2019-08-24,17,26,35,26
2064,2019-08-25,22,24,41,29
2065,2019-08-26,23,23,27,24.33333333
2066,2019-08-27,26,22,40,29.33333333
2067,2019-08-28,25,26,40,30.33333333
2068,2019-08-29,16,22,43,27
2069,2019-08-30,18,29,35,27.33333333
2070,2019-08-31,18,29,47,31.33333333
2071,2019-09-01,25,29,37,30.33333333
2072,2019-09-02,23,17,31,23.66666667
2073,2019-09-03,9,20,28,19
2074,2019-09-04,7,26,37,23.33333333
2075,2019-09-05,14,26,37,25.66666667
2076,2019-09-06,14,19,37,23.33333333
2077,2019-09-07,38,37,33,36
2078,2019-09-08,40,23,38,33.66666667
2079,2019-09-09,13,29,41,27.66666667
2080,2019-09-10,7,31,34,24
2081,2019-09-11,8,14,24,15.33333333
2082,2019-09-12,12,19,23,18
2083,2019-09-13,16,26,28,23.33333333
2084,2019-09-14,12,24,28,21.33333333
2085,2019-09-15,9,11,24,14.66666667
2086,2019-09-16,13,22,27,20.66666667
2087,2019-09-17,25,31,30,28.66666667
2088,2019-09-18,21,37,36,31.33333333
2089,2019-09-19,22,38,27,29
2090,2019-09-20,16,20,18,18
2091,2019-09-21,7,12,10,9.666666667
2092,2019-09-22,16,19,19,18
2093,2019-09-23,26,29,28,27.66666667
2094,2019-09-24,37,39,27,34.33333333
2095,2019-09-25,33,22,31,28.66666667
2096,2019-09-26,23,24,24,23.66666667
2097,2019-09-27,31,42,26,33
2098,2019-09-28,42,47,39,42.66666667
2099,2019-09-29,55,45,52,50.66666667
2100,2019-09-30,48,44,30,40.66666667
2101,2019-10-01,25,26,32,27.66666667
2102,2019-10-02,9,15,32,18.66666667
2103,2019-10-03,30,32,33,31.66666667
2104,2019-10-04,43,46,40,43
2105,2019-10-05,12,18,24,18
2106,2019-10-06,11,15,25,17
2107,2019-10-07,25,30,32,29
2108,2019-10-08,26,27,36,29.66666667
2109,2019-10-09,33,42,43,39.33333333
2110,2019-10-10,39,47,36,40.66666667
2111,2019-10-11,29,39,40,36
2112,2019-10-12,24,28,31,27.66666667
2113,2019-10-13,39,34,37,36.66666667
2114,2019-10-14,26,30,30,28.66666667
2115,2019-10-15,34,43,27,34.66666667
2116,2019-10-16,33,42,30,35
2117,2019-10-17,19,27,18,21.33333333
2118,2019-10-18,22,30,17,23
2119,2019-10-19,41,33,15,29.66666667
2120,2019-10-20,45,36,16,32.33333333
2121,2019-10-21,40,36,20,32
2122,2019-10-22,23,35,26,28
2123,2019-10-23,29,30,20,26.33333333
2124,2019-10-24,25,34,28,29
2125,2019-10-25,24,31,37,30.66666667
2126,2019-10-26,26,31,26,27.66666667
2127,2019-10-27,34,41,35,36.66666667
2128,2019-10-28,78,64,83,75
2129,2019-10-29,28,49,51,42.66666667
2130,2019-10-30,69,49,47,55
2131,2019-10-31,82,89,80,83.66666667
2132,2019-11-01,64,82,57,67.66666667
2133,2019-11-02,49,74,55,59.33333333
2134,2019-11-03,13,42,22,25.66666667
2135,2019-11-04,35,44,36,38.33333333
2136,2019-11-05,50,52,50,50.66666667
2137,2019-11-06,50,46,49,48.33333333
2138,2019-11-07,45,50,51,48.66666667
2139,2019-11-08,39,47,48,44.66666667
2140,2019-11-09,32,47,35,38
2141,2019-11-10,21,33,45,33
2142,2019-11-11,32,44,48,41.33333333
2143,2019-11-12,30,46,51,42.33333333
2144,2019-11-13,19,NA,NA,19
2145,2019-11-14,25,48,58,43.66666667
2146,2019-11-15,36,44,52,44
2147,2019-11-16,28,38,50,38.66666667
2148,2019-11-17,61,58,47,55.33333333
2149,2019-11-18,33,36,43,37.33333333
2150,2019-11-19,24,39,33,32
2151,2019-11-20,41,52,31,41.33333333
2152,2019-11-21,50,53,33,45.33333333
2153,2019-11-22,36,44,31,37
2154,2019-11-23,32,33,39,34.66666667
2155,2019-11-24,29,33,28,30
2156,2019-11-25,27,43,24,31.33333333
2157,2019-11-26,41,48,38,42.33333333
2158,2019-11-27,41,50,23,38
2159,2019-11-28,45,40,35,40
2160,2019-11-29,47,54,36,45.66666667
2161,2019-11-30,43,54,32,43
2162,2019-12-01,25,30,30,28.33333333
2163,2019-12-02,32,31,33,32
2164,2019-12-03,33,38,47,39.33333333
2165,2019-12-04,25,32,41,32.66666667
2166,2019-12-05,34,39,30,34.33333333
2167,2019-12-06,49,49,34,44
2168,2019-12-07,56,51,46,51
2169,2019-12-08,63,59,61,61
2170,2019-12-09,84,80,72,78.66666667
2171,2019-12-10,68,66,68,67.33333333
2172,2019-12-11,20,29,33,27.33333333
2173,2019-12-12,27,49,46,40.66666667
2174,2019-12-13,41,50,51,47.33333333
2175,2019-12-14,39,47,34,40
2176,2019-12-15,43,53,40,45.33333333
2177,2019-12-16,31,43,53,42.33333333
2178,2019-12-17,42,47,43,44
2179,2019-12-18,29,35,42,35.33333333
2180,2019-12-19,32,42,41,38.33333333
2181,2019-12-20,38,55,50,47.66666667
2182,2019-12-21,60,54,54,56
2183,2019-12-22,54,52,60,55.33333333
2184,2019-12-23,67,66,61,64.66666667
2185,2019-12-24,54,67,56,59
2186,2019-12-25,50,49,50,49.66666667
2187,2019-12-26,39,39,35,37.66666667
2188,2019-12-27,48,49,44,47
2189,2019-12-28,49,53,52,51.33333333
2190,2019-12-29,NA,NA,NA,42.5
2191,2019-12-30,NA,NA,NA,42.5
2192,2019-12-31,38,36,27,33.66666667
2193,2020-01-01,60,55,54,56.33333333
2194,2020-01-02,64,70,66,66.66666667
2195,2020-01-03,58,68,47,57.66666667
2196,2020-01-04,56,53,51,53.33333333
2197,2020-01-05,43,38,51,44
2198,2020-01-06,10,18,37,21.66666667
2199,2020-01-07,28,31,30,29.66666667
2200,2020-01-08,52,51,43,48.66666667
2201,2020-01-09,61,56,49,55.33333333
2202,2020-01-10,56,62,52,56.66666667
2203,2020-01-11,48,37,44,43
2204,2020-01-12,29,33,33,31.66666667
2205,2020-01-13,33,42,40,38.33333333
2206,2020-01-14,41,48,53,47.33333333
2207,2020-01-15,45,48,46,46.33333333
2208,2020-01-16,59,57,48,54.66666667
2209,2020-01-17,61,55,43,53
2210,2020-01-18,59,57,48,54.66666667
2211,2020-01-19,56,60,65,60.33333333
2212,2020-01-20,48,41,45,44.66666667
2213,2020-01-21,51,54,48,51
2214,2020-01-22,61,55,31,49
2215,2020-01-23,65,70,42,59
2216,2020-01-24,52,57,29,46
2217,2020-01-25,30,42,20,30.66666667
2218,2020-01-26,10,13,15,12.66666667
2219,2020-01-27,12,30,15,19
2220,2020-01-28,17,35,28,26.66666667
2221,2020-01-29,20,33,28,27
2222,2020-01-30,29,44,33,35.33333333
2223,2020-01-31,63,58,57,59.33333333
2224,2020-02-01,65,66,69,66.66666667
2225,2020-02-02,30,44,54,42.66666667
2226,2020-02-03,27,37,46,36.66666667
2227,2020-02-04,27,29,37,31
2228,2020-02-05,44,43,35,40.66666667
2229,2020-02-06,41,53,45,46.33333333
2230,2020-02-07,44,44,47,45
2231,2020-02-08,40,35,44,39.66666667
2232,2020-02-09,52,50,54,52
2233,2020-02-10,59,58,63,60
2234,2020-02-11,51,43,46,46.66666667
2235,2020-02-12,65,37,35,45.66666667
2236,2020-02-13,75,69,53,65.66666667
2237,2020-02-14,64,65,40,56.33333333
2238,2020-02-15,26,31,21,26
2239,2020-02-16,30,47,30,35.66666667
2240,2020-02-17,26,44,33,34.33333333
2241,2020-02-18,37,43,42,40.66666667
2242,2020-02-19,61,57,50,56
2243,2020-02-20,62,62,53,59
2244,2020-02-21,64,65,56,61.66666667
2245,2020-02-22,27,32,35,31.33333333
2246,2020-02-23,40,37,38,38.33333333
2247,2020-02-24,22,16,20,19.33333333
2248,2020-02-25,19,26,27,24
2249,2020-02-26,15,37,22,24.66666667
2250,2020-02-27,28,31,34,31
2251,2020-02-28,27,32,33,30.66666667
2252,2020-02-29,49,42,33,41.33333333
2253,2020-03-01,43,45,44,44
2254,2020-03-02,40,44,24,36
2255,2020-03-03,44,42,40,42
2256,2020-03-04,39,40,47,42
2257,2020-03-05,45,40,50,45
2258,2020-03-06,59,45,46,50
2259,2020-03-07,61,37,39,45.66666667
2260,2020-03-08,61,46,35,47.33333333
2261,2020-03-09,41,42,25,36
2262,2020-03-10,38,43,46,42.33333333
2263,2020-03-11,38,42,40,40
2264,2020-03-12,35,31,52,39.33333333
2265,2020-03-13,41,37,37,38.33333333
2266,2020-03-14,45,47,45,45.66666667
2267,2020-03-15,27,30,37,31.33333333
2268,2020-03-16,49,43,49,47
2269,2020-03-17,58,51,58,55.66666667
2270,2020-03-18,58,58,65,60.33333333
2271,2020-03-19,46,48,56,50
2272,2020-03-20,54,55,51,53.33333333
2273,2020-03-21,39,48,53,46.66666667
2274,2020-03-22,45,44,50,46.33333333
2275,2020-03-23,58,55,38,50.33333333
2276,2020-03-24,53,58,41,50.66666667
2277,2020-03-25,54,47,47,49.33333333
2278,2020-03-26,46,35,37,39.33333333
2279,2020-03-27,37,39,39,38.33333333
2280,2020-03-28,46,39,32,39
2281,2020-03-29,56,40,32,42.66666667
2282,2020-03-30,53,46,33,44
2283,2020-03-31,66,49,41,52
2284,2020-04-01,42,43,40,41.66666667
2285,2020-04-02,58,49,45,50.66666667
2286,2020-04-03,67,63,53,61
2287,2020-04-04,47,39,40,42
2288,2020-04-05,57,44,44,48.33333333
2289,2020-04-06,60,55,67,60.66666667
2290,2020-04-07,47,41,60,49.33333333
2291,2020-04-08,51,42,50,47.66666667
2292,2020-04-09,47,43,26,38.66666667
2293,2020-04-10,43,43,32,39.33333333
2294,2020-04-11,33,35,24,30.66666667
2295,2020-04-12,23,27,27,25.66666667
2296,2020-04-13,52,38,39,43
2297,2020-04-14,60,52,41,51
2298,2020-04-15,53,53,46,50.66666667
2299,2020-04-16,42,38,32,37.33333333
2300,2020-04-17,31,46,44,40.33333333
2301,2020-04-18,27,31,25,27.66666667
2302,2020-04-19,17,22,26,21.66666667
2303,2020-04-20,33,40,49,40.66666667
2304,2020-04-21,71,58,50,59.66666667
2305,2020-04-22,48,58,54,53.33333333
2306,2020-04-23,45,45,50,46.66666667
2307,2020-04-24,58,62,55,58.33333333
2308,2020-04-25,33,34,51,39.33333333
2309,2020-04-26,37,36,41,38
2310,2020-04-27,41,37,40,39.33333333
2311,2020-04-28,52,43,51,48.66666667
2312,2020-04-29,40,40,36,38.66666667
2313,2020-04-30,55,49,45,49.66666667
2314,2020-05-01,54,42,46,47.33333333
2315,2020-05-02,31,28,34,31
2316,2020-05-03,40,36,41,39
2317,2020-05-04,41,37,33,37
2318,2020-05-05,36,38,36,36.66666667
2319,2020-05-06,31,40,19,30
2320,2020-05-07,29,30,39,32.66666667
2321,2020-05-08,14,17,26,19
2322,2020-05-09,30,26,24,26.66666667
2323,2020-05-10,97,60,47,68
2324,2020-05-11,48,58,57,54.33333333
2325,2020-05-12,34,36,44,38
2326,2020-05-13,43,57,84,61.33333333
2327,2020-05-14,32,46,40,39.33333333
2328,2020-05-15,25,30,47,34
2329,2020-05-16,47,36,31,38
2330,2020-05-17,47,41,38,42
2331,2020-05-18,16,23,42,27
2332,2020-05-19,7,20,22,16.33333333
2333,2020-05-20,9,21,32,20.66666667
